m, m_max, m_max_0, ef_construction, ml, select_neighbor_mode, total_time_for_building_graph, total_time_for_query, total_distance_count_for_building_graph, total_distance_count_for_query, recall
5, 5, 5, 5, 0.621335, simple, 233, 7, 1276557, 31202, 0.1942
5, 5, 5, 15, 0.621335, simple, 320, 9, 1771674, 37880, 0.2655
5, 5, 5, 25, 0.621335, simple, 432, 10, 2343799, 43404, 0.3946
5, 5, 5, 35, 0.621335, simple, 517, 9, 2729176, 43020, 0.3299
5, 5, 5, 45, 0.621335, simple, 566, 9, 3007654, 41956, 0.3709
5, 5, 15, 5, 0.621335, simple, 307, 18, 1765892, 90344, 0.6987
5, 5, 15, 15, 0.621335, simple, 513, 16, 2930420, 78418, 0.4384
5, 5, 15, 25, 0.621335, simple, 698, 18, 3940136, 91886, 0.7623
5, 5, 15, 35, 0.621335, simple, 863, 19, 4799818, 91970, 0.8062
5, 5, 15, 45, 0.621335, simple, 955, 15, 5319280, 81700, 0.4213
5, 5, 25, 5, 0.621335, simple, 319, 21, 1846745, 106522, 0.7668
5, 5, 25, 15, 0.621335, simple, 553, 21, 3136078, 106774, 0.8902
5, 5, 25, 25, 0.621335, simple, 734, 19, 4284823, 98998, 0.7501
5, 5, 25, 35, 0.621335, simple, 936, 22, 5297541, 109758, 0.7618
5, 5, 25, 45, 0.621335, simple, 1062, 21, 5954522, 107794, 0.9224
5, 5, 35, 5, 0.621335, simple, 303, 19, 1751495, 97020, 0.5458
5, 5, 35, 15, 0.621335, simple, 577, 18, 3270007, 91532, 0.4479
5, 5, 35, 25, 0.621335, simple, 754, 22, 4278422, 112830, 0.8918
5, 5, 35, 35, 0.621335, simple, 923, 22, 5218798, 112918, 0.8717
5, 5, 35, 45, 0.621335, simple, 1061, 22, 5996966, 112852, 0.8893
5, 5, 45, 5, 0.621335, simple, 343, 24, 1979375, 119080, 0.7503
5, 5, 45, 15, 0.621335, simple, 560, 21, 3287343, 113562, 0.854
5, 5, 45, 25, 0.621335, simple, 726, 19, 4235024, 99412, 0.4899
5, 5, 45, 35, 0.621335, simple, 922, 21, 5196056, 112914, 0.837
5, 5, 45, 45, 0.621335, simple, 1094, 22, 6196028, 115658, 0.9368
5, 15, 5, 5, 0.621335, simple, 289, 8, 1694438, 37094, 0.2365
5, 15, 5, 15, 0.621335, simple, 405, 9, 2287305, 46014, 0.3691
5, 15, 5, 25, 0.621335, simple, 502, 10, 2753938, 45016, 0.3864
5, 15, 5, 35, 0.621335, simple, 606, 10, 3318664, 47796, 0.4343
5, 15, 5, 45, 0.621335, simple, 697, 10, 3742936, 48752, 0.4467
5, 15, 15, 5, 0.621335, simple, 350, 18, 2092391, 86394, 0.6321
5, 15, 15, 15, 0.621335, simple, 590, 20, 3414320, 97224, 0.8799
5, 15, 15, 25, 0.621335, simple, 767, 19, 4384180, 98252, 0.901
5, 15, 15, 35, 0.621335, simple, 939, 19, 5329914, 99784, 0.9071
5, 15, 15, 45, 0.621335, simple, 1069, 19, 6074535, 99694, 0.8921
5, 15, 25, 5, 0.621335, simple, 376, 22, 2246249, 108524, 0.771
5, 15, 25, 15, 0.621335, simple, 631, 21, 3625762, 102598, 0.709
5, 15, 25, 25, 0.621335, simple, 815, 21, 4738342, 113156, 0.9242
5, 15, 25, 35, 0.621335, simple, 983, 22, 5622245, 113614, 0.9187
5, 15, 25, 45, 0.621335, simple, 1135, 22, 6383266, 109070, 0.832
5, 15, 35, 5, 0.621335, simple, 389, 23, 2301267, 116102, 0.7896
5, 15, 35, 15, 0.621335, simple, 637, 23, 3717548, 118128, 0.9085
5, 15, 35, 25, 0.621335, simple, 792, 21, 4700907, 111386, 0.8111
5, 15, 35, 35, 0.621335, simple, 1032, 22, 5912177, 119328, 0.9381
5, 15, 35, 45, 0.621335, simple, 1161, 23, 6818023, 118686, 0.9083
5, 15, 45, 5, 0.621335, simple, 353, 22, 2206917, 117274, 0.7963
5, 15, 45, 15, 0.621335, simple, 645, 23, 3767102, 119722, 0.8385
5, 15, 45, 25, 0.621335, simple, 846, 23, 4910777, 120772, 0.9191
5, 15, 45, 35, 0.621335, simple, 1004, 23, 5910800, 121036, 0.9374
5, 15, 45, 45, 0.621335, simple, 1193, 24, 6827917, 120080, 0.847
5, 25, 5, 5, 0.621335, simple, 326, 9, 1950589, 42714, 0.2755
5, 25, 5, 15, 0.621335, simple, 426, 10, 2440376, 46316, 0.3484
5, 25, 5, 25, 0.621335, simple, 529, 10, 3001281, 48400, 0.3991
5, 25, 5, 35, 0.621335, simple, 604, 10, 3423846, 49832, 0.4523
5, 25, 5, 45, 0.621335, simple, 710, 10, 3994448, 51752, 0.4813
5, 25, 15, 5, 0.621335, simple, 367, 18, 2265531, 93152, 0.7111
5, 25, 15, 15, 0.621335, simple, 587, 19, 3526629, 99084, 0.8879
5, 25, 15, 25, 0.621335, simple, 783, 20, 4487544, 99888, 0.889
5, 25, 15, 35, 0.621335, simple, 943, 19, 5426635, 101218, 0.8962
5, 25, 15, 45, 0.621335, simple, 1075, 20, 6127193, 101304, 0.9116
5, 25, 25, 5, 0.621335, simple, 385, 21, 2387445, 110170, 0.7856
5, 25, 25, 15, 0.621335, simple, 635, 21, 3901569, 114624, 0.8847
5, 25, 25, 25, 0.621335, simple, 814, 20, 4887230, 113000, 0.8619
5, 25, 25, 35, 0.621335, simple, 951, 20, 5786303, 112942, 0.927
5, 25, 25, 45, 0.621335, simple, 1126, 20, 6784173, 115262, 0.9305
5, 25, 35, 5, 0.621335, simple, 398, 22, 2476269, 118500, 0.8035
5, 25, 35, 15, 0.621335, simple, 620, 22, 3816311, 119070, 0.9186
5, 25, 35, 25, 0.621335, simple, 805, 21, 4958432, 117086, 0.8681
5, 25, 35, 35, 0.621335, simple, 990, 21, 5973280, 119880, 0.9339
5, 25, 35, 45, 0.621335, simple, 1153, 21, 6893975, 120270, 0.9272
5, 25, 45, 5, 0.621335, simple, 372, 23, 2306624, 121384, 0.8148
5, 25, 45, 15, 0.621335, simple, 615, 22, 3837448, 120312, 0.9069
5, 25, 45, 25, 0.621335, simple, 816, 22, 5035757, 122904, 0.9247
5, 25, 45, 35, 0.621335, simple, 992, 22, 5969765, 119602, 0.8542
5, 25, 45, 45, 0.621335, simple, 1157, 22, 6952355, 122282, 0.9359
5, 35, 5, 5, 0.621335, simple, 313, 8, 1899837, 41360, 0.2434
5, 35, 5, 15, 0.621335, simple, 419, 9, 2526412, 47286, 0.3449
5, 35, 5, 25, 0.621335, simple, 521, 10, 3035463, 50350, 0.4169
5, 35, 5, 35, 0.621335, simple, 620, 9, 3560896, 50184, 0.4614
5, 35, 5, 45, 0.621335, simple, 724, 10, 4087303, 52044, 0.4761
5, 35, 15, 5, 0.621335, simple, 362, 17, 2235038, 86746, 0.599
5, 35, 15, 15, 0.621335, simple, 582, 18, 3549444, 99404, 0.8776
5, 35, 15, 25, 0.621335, simple, 740, 18, 4523018, 98176, 0.8371
5, 35, 15, 35, 0.621335, simple, 910, 18, 5457607, 100956, 0.9047
5, 35, 15, 45, 0.621335, simple, 1047, 20, 6238813, 102794, 0.9086
5, 35, 25, 5, 0.621335, simple, 361, 21, 2303792, 107584, 0.7447
5, 35, 25, 15, 0.621335, simple, 629, 21, 3906873, 115444, 0.9064
5, 35, 25, 25, 0.621335, simple, 803, 21, 4870992, 114754, 0.9233
5, 35, 25, 35, 0.621335, simple, 963, 21, 5880459, 114926, 0.9276
5, 35, 25, 45, 0.621335, simple, 1107, 21, 6606537, 115106, 0.8937
5, 35, 35, 5, 0.621335, simple, 385, 22, 2426259, 118976, 0.8058
5, 35, 35, 15, 0.621335, simple, 609, 21, 3801257, 118356, 0.865
5, 35, 35, 25, 0.621335, simple, 812, 21, 4992951, 115958, 0.8407
5, 35, 35, 35, 0.621335, simple, 993, 22, 6022280, 121184, 0.9361
5, 35, 35, 45, 0.621335, simple, 1156, 22, 6932770, 120478, 0.9368
5, 35, 45, 5, 0.621335, simple, 363, 21, 2290988, 114636, 0.5954
5, 35, 45, 15, 0.621335, simple, 633, 23, 3860582, 121622, 0.9015
5, 35, 45, 25, 0.621335, simple, 825, 22, 4931766, 121860, 0.8799
5, 35, 45, 35, 0.621335, simple, 998, 22, 6109740, 121684, 0.9015
5, 35, 45, 45, 0.621335, simple, 1163, 22, 7030094, 121410, 0.9375
5, 45, 5, 5, 0.621335, simple, 306, 8, 1888821, 39146, 0.2164
5, 45, 5, 15, 0.621335, simple, 423, 9, 2496693, 47890, 0.3811
5, 45, 5, 25, 0.621335, simple, 537, 10, 3119838, 51066, 0.4194
5, 45, 5, 35, 0.621335, simple, 626, 10, 3591407, 50066, 0.38
5, 45, 5, 45, 0.621335, simple, 694, 10, 3920887, 51200, 0.4572
5, 45, 15, 5, 0.621335, simple, 360, 17, 2266051, 92046, 0.6931
5, 45, 15, 15, 0.621335, simple, 609, 19, 3591530, 98660, 0.8357
5, 45, 15, 25, 0.621335, simple, 758, 19, 4574177, 101722, 0.8987
5, 45, 15, 35, 0.621335, simple, 916, 19, 5440834, 101172, 0.8956
5, 45, 15, 45, 0.621335, simple, 1057, 18, 6246330, 100494, 0.9108
5, 45, 25, 5, 0.621335, simple, 384, 20, 2419702, 108510, 0.778
5, 45, 25, 15, 0.621335, simple, 613, 20, 3742434, 113790, 0.9025
5, 45, 25, 25, 0.621335, simple, 810, 21, 4962090, 114984, 0.916
5, 45, 25, 35, 0.621335, simple, 1001, 21, 6016938, 116934, 0.9288
5, 45, 25, 45, 0.621335, simple, 1135, 21, 6785694, 115192, 0.9129
5, 45, 35, 5, 0.621335, simple, 378, 22, 2316369, 116992, 0.7928
5, 45, 35, 15, 0.621335, simple, 642, 22, 3956038, 120128, 0.8832
5, 45, 35, 25, 0.621335, simple, 835, 22, 5040691, 119852, 0.9339
5, 45, 35, 35, 0.621335, simple, 1004, 22, 6007116, 120460, 0.9333
5, 45, 35, 45, 0.621335, simple, 1176, 23, 7007907, 121716, 0.936
5, 45, 45, 5, 0.621335, simple, 384, 24, 2382031, 120186, 0.7915
5, 45, 45, 15, 0.621335, simple, 670, 24, 3918661, 121672, 0.9223
5, 45, 45, 25, 0.621335, simple, 891, 23, 5105257, 123168, 0.9359
5, 45, 45, 35, 0.621335, simple, 999, 22, 6069556, 122582, 0.9341
5, 45, 45, 45, 0.621335, simple, 1165, 22, 7091912, 123070, 0.9298
15, 5, 5, 5, 0.369269, simple, 168, 6, 962931, 29492, 0.1612
15, 5, 5, 15, 0.369269, simple, 372, 7, 2120113, 33920, 0.2286
15, 5, 5, 25, 0.369269, simple, 459, 8, 2572827, 37354, 0.2932
15, 5, 5, 35, 0.369269, simple, 520, 9, 2918073, 40712, 0.1905
15, 5, 5, 45, 0.369269, simple, 582, 9, 3255286, 43208, 0.1398
15, 5, 15, 5, 0.369269, simple, 246, 14, 1482650, 73386, 0.4968
15, 5, 15, 15, 0.369269, simple, 791, 15, 5203302, 76870, 0.5848
15, 5, 15, 25, 0.369269, simple, 998, 15, 6407977, 69850, 0.3566
15, 5, 15, 35, 0.369269, simple, 1110, 17, 6978452, 90644, 0.5983
15, 5, 15, 45, 0.369269, simple, 1209, 16, 7578276, 87934, 0.7241
15, 5, 25, 5, 0.369269, simple, 267, 14, 1638587, 70492, 0.2986
15, 5, 25, 15, 0.369269, simple, 940, 24, 6103055, 129390, 0.8741
15, 5, 25, 25, 0.369269, simple, 1226, 26, 7759006, 139410, 0.6408
15, 5, 25, 35, 0.369269, simple, 1404, 24, 8713697, 130350, 0.8193
15, 5, 25, 45, 0.369269, simple, 1656, 27, 9729907, 133764, 0.9073
15, 5, 35, 5, 0.369269, simple, 291, 20, 1768753, 101782, 0.5075
15, 5, 35, 15, 0.369269, simple, 1065, 30, 6365397, 150152, 0.8702
15, 5, 35, 25, 0.369269, simple, 1332, 32, 7988604, 151718, 0.8126
15, 5, 35, 35, 0.369269, simple, 1621, 32, 9866412, 164628, 0.9855
15, 5, 35, 45, 0.369269, simple, 1883, 32, 11508884, 179006, 0.9863
15, 5, 45, 5, 0.369269, simple, 300, 21, 1797054, 114886, 0.7387
15, 5, 45, 15, 0.369269, simple, 1048, 30, 6720350, 162806, 0.8225
15, 5, 45, 25, 0.369269, simple, 1307, 36, 8234584, 175862, 0.9896
15, 5, 45, 35, 0.369269, simple, 1617, 31, 9719324, 177188, 0.9895
15, 5, 45, 45, 0.369269, simple, 1923, 33, 11397024, 176634, 0.9903
15, 15, 5, 5, 0.369269, simple, 221, 6, 1264601, 28338, 0.1545
15, 15, 5, 15, 0.369269, simple, 476, 9, 2703097, 41776, 0.3077
15, 15, 5, 25, 0.369269, simple, 551, 9, 3129810, 48510, 0.2286
15, 15, 5, 35, 0.369269, simple, 619, 9, 3518330, 46196, 0.2326
15, 15, 5, 45, 0.369269, simple, 686, 10, 3875712, 47370, 0.4175
15, 15, 15, 5, 0.369269, simple, 276, 17, 1693541, 87502, 0.6418
15, 15, 15, 15, 0.369269, simple, 853, 20, 5545762, 93778, 0.823
15, 15, 15, 25, 0.369269, simple, 1094, 19, 6729959, 101720, 0.5696
15, 15, 15, 35, 0.369269, simple, 1196, 19, 7404320, 97580, 0.8372
15, 15, 15, 45, 0.369269, simple, 1302, 19, 8037600, 99578, 0.8886
15, 15, 25, 5, 0.369269, simple, 309, 20, 1848776, 99248, 0.7204
15, 15, 25, 15, 0.369269, simple, 1039, 22, 6531863, 114710, 0.4919
15, 15, 25, 25, 0.369269, simple, 1221, 27, 7696863, 138232, 0.971
15, 15, 25, 35, 0.369269, simple, 1461, 26, 8826225, 140148, 0.9745
15, 15, 25, 45, 0.369269, simple, 1604, 26, 9825677, 144600, 0.8977
15, 15, 35, 5, 0.369269, simple, 309, 22, 1894976, 116638, 0.8008
15, 15, 35, 15, 0.369269, simple, 1109, 30, 6846009, 161198, 0.9701
15, 15, 35, 25, 0.369269, simple, 1359, 35, 8401481, 181358, 0.9811
15, 15, 35, 35, 0.369269, simple, 1602, 33, 9570587, 164890, 0.9746
15, 15, 35, 45, 0.369269, simple, 1782, 29, 10412660, 154812, 0.7562
15, 15, 45, 5, 0.369269, simple, 319, 24, 1879734, 113728, 0.7984
15, 15, 45, 15, 0.369269, simple, 1132, 37, 6943093, 176880, 0.9872
15, 15, 45, 25, 0.369269, simple, 1482, 37, 9017152, 193172, 0.9895
15, 15, 45, 35, 0.369269, simple, 1698, 37, 10289725, 185104, 0.9893
15, 15, 45, 45, 0.369269, simple, 1864, 31, 11214522, 181056, 0.9884
15, 25, 5, 5, 0.369269, simple, 211, 7, 1256331, 36452, 0.2171
15, 25, 5, 15, 0.369269, simple, 515, 10, 2985945, 46628, 0.3536
15, 25, 5, 25, 0.369269, simple, 608, 10, 3437335, 49254, 0.3849
15, 25, 5, 35, 0.369269, simple, 673, 11, 3730781, 48566, 0.3846
15, 25, 5, 45, 0.369269, simple, 748, 10, 4083256, 49664, 0.398
15, 25, 15, 5, 0.369269, simple, 296, 13, 1819042, 71732, 0.3793
15, 25, 15, 15, 0.369269, simple, 903, 19, 5670852, 96182, 0.7872
15, 25, 15, 25, 0.369269, simple, 1095, 19, 6749345, 101232, 0.8646
15, 25, 15, 35, 0.369269, simple, 1234, 19, 7598504, 102804, 0.8832
15, 25, 15, 45, 0.369269, simple, 1383, 19, 8427456, 95904, 0.4862
15, 25, 25, 5, 0.369269, simple, 311, 20, 1862600, 105162, 0.7182
15, 25, 25, 15, 0.369269, simple, 1034, 27, 6652707, 138392, 0.9169
15, 25, 25, 25, 0.369269, simple, 1300, 28, 7976484, 139210, 0.9361
15, 25, 25, 35, 0.369269, simple, 1492, 26, 9002931, 143696, 0.9684
15, 25, 25, 45, 0.369269, simple, 1618, 29, 9916510, 144140, 0.9535
15, 25, 35, 5, 0.369269, simple, 338, 21, 1969118, 102832, 0.6402
15, 25, 35, 15, 0.369269, simple, 1157, 33, 7089742, 165268, 0.9803
15, 25, 35, 25, 0.369269, simple, 1374, 31, 8502438, 168334, 0.9648
15, 25, 35, 35, 0.369269, simple, 1697, 31, 9726087, 162762, 0.9132
15, 25, 35, 45, 0.369269, simple, 1902, 33, 10908405, 168844, 0.975
15, 25, 45, 5, 0.369269, simple, 327, 24, 1938300, 119038, 0.8021
15, 25, 45, 15, 0.369269, simple, 1186, 36, 7199137, 181224, 0.9866
15, 25, 45, 25, 0.369269, simple, 1434, 35, 8875310, 184660, 0.978
15, 25, 45, 35, 0.369269, simple, 1680, 36, 10185505, 185080, 0.9896
15, 25, 45, 45, 0.369269, simple, 1907, 33, 11419432, 184428, 0.99
15, 35, 5, 5, 0.369269, simple, 227, 7, 1340765, 32798, 0.2153
15, 35, 5, 15, 0.369269, simple, 516, 10, 3117075, 48514, 0.3538
15, 35, 5, 25, 0.369269, simple, 597, 10, 3506083, 49826, 0.3441
15, 35, 5, 35, 0.369269, simple, 672, 10, 3825790, 50636, 0.3824
15, 35, 5, 45, 0.369269, simple, 778, 11, 4268700, 52428, 0.4157
15, 35, 15, 5, 0.369269, simple, 302, 16, 1824936, 81242, 0.4936
15, 35, 15, 15, 0.369269, simple, 915, 20, 5870320, 99952, 0.8284
15, 35, 15, 25, 0.369269, simple, 1103, 19, 6861850, 103566, 0.8652
15, 35, 15, 35, 0.369269, simple, 1255, 20, 7645926, 105340, 0.886
15, 35, 15, 45, 0.369269, simple, 1384, 20, 8484562, 107292, 0.8965
15, 35, 25, 5, 0.369269, simple, 301, 21, 1860875, 106568, 0.7143
15, 35, 25, 15, 0.369269, simple, 1076, 28, 6918975, 143470, 0.9623
15, 35, 25, 25, 0.369269, simple, 1270, 27, 8020660, 143880, 0.9721
15, 35, 25, 35, 0.369269, simple, 1475, 27, 9195912, 146148, 0.9732
15, 35, 25, 45, 0.369269, simple, 1621, 26, 10162235, 146726, 0.9747
15, 35, 35, 5, 0.369269, simple, 325, 22, 1992789, 114472, 0.8085
15, 35, 35, 15, 0.369269, simple, 1140, 32, 7141925, 166728, 0.9797
15, 35, 35, 25, 0.369269, simple, 1385, 30, 8622564, 169960, 0.9654
15, 35, 35, 35, 0.369269, simple, 1590, 30, 9881751, 170956, 0.9849
15, 35, 35, 45, 0.369269, simple, 1828, 32, 11050180, 171404, 0.9852
15, 35, 45, 5, 0.369269, simple, 332, 23, 1979742, 116474, 0.783
15, 35, 45, 15, 0.369269, simple, 1174, 34, 7375194, 184370, 0.9782
15, 35, 45, 25, 0.369269, simple, 1415, 33, 8915649, 185868, 0.9883
15, 35, 45, 35, 0.369269, simple, 1669, 36, 10295582, 186632, 0.9891
15, 35, 45, 45, 0.369269, simple, 1862, 33, 11495353, 188390, 0.9897
15, 45, 5, 5, 0.369269, simple, 226, 7, 1348406, 32470, 0.185
15, 45, 5, 15, 0.369269, simple, 535, 11, 3133677, 49814, 0.3419
15, 45, 5, 25, 0.369269, simple, 625, 11, 3487976, 51112, 0.3453
15, 45, 5, 35, 0.369269, simple, 693, 11, 3972167, 52248, 0.3877
15, 45, 5, 45, 0.369269, simple, 771, 11, 4313348, 53970, 0.3819
15, 45, 15, 5, 0.369269, simple, 307, 18, 1852770, 88676, 0.7185
15, 45, 15, 15, 0.369269, simple, 940, 20, 5978996, 101290, 0.7859
15, 45, 15, 25, 0.369269, simple, 1074, 19, 6885219, 103082, 0.8298
15, 45, 15, 35, 0.369269, simple, 1222, 20, 7787265, 107508, 0.889
15, 45, 15, 45, 0.369269, simple, 1366, 20, 8521560, 107060, 0.8906
15, 45, 25, 5, 0.369269, simple, 330, 20, 1968407, 106792, 0.7837
15, 45, 25, 15, 0.369269, simple, 1061, 26, 6963794, 144444, 0.9571
15, 45, 25, 25, 0.369269, simple, 1284, 26, 8060673, 146754, 0.9505
15, 45, 25, 35, 0.369269, simple, 1483, 27, 9305166, 147804, 0.9744
15, 45, 25, 45, 0.369269, simple, 1637, 26, 10243028, 148968, 0.9658
15, 45, 35, 5, 0.369269, simple, 302, 22, 1868756, 96712, 0.6087
15, 45, 35, 15, 0.369269, simple, 1116, 30, 7270293, 168546, 0.9799
15, 45, 35, 25, 0.369269, simple, 1373, 30, 8714984, 171650, 0.9745
15, 45, 35, 35, 0.369269, simple, 1579, 30, 10029732, 171584, 0.9824
15, 45, 35, 45, 0.369269, simple, 1789, 30, 11212642, 171938, 0.9848
15, 45, 45, 5, 0.369269, simple, 310, 20, 1930838, 102466, 0.6946
15, 45, 45, 15, 0.369269, simple, 1163, 33, 7432316, 186566, 0.9869
15, 45, 45, 25, 0.369269, simple, 1411, 33, 8985213, 186236, 0.8699
15, 45, 45, 35, 0.369269, simple, 1632, 36, 10258394, 186736, 0.989
15, 45, 45, 45, 0.369269, simple, 1848, 33, 11566857, 187974, 0.9884
25, 5, 5, 5, 0.310667, simple, 161, 6, 902331, 28286, 0.1653
25, 5, 5, 15, 0.310667, simple, 353, 8, 2001263, 41024, 0.114
25, 5, 5, 25, 0.310667, simple, 551, 8, 3057430, 36730, 0.1468
25, 5, 5, 35, 0.310667, simple, 637, 9, 3532673, 42154, 0.3241
25, 5, 5, 45, 0.310667, simple, 707, 9, 3863074, 41214, 0.3749
25, 5, 15, 5, 0.310667, simple, 256, 16, 1523723, 82426, 0.6191
25, 5, 15, 15, 0.310667, simple, 775, 15, 5053376, 76108, 0.5702
25, 5, 15, 25, 0.310667, simple, 1173, 19, 7617049, 100956, 0.2992
25, 5, 15, 35, 0.310667, simple, 1373, 20, 8848199, 104550, 0.3714
25, 5, 15, 45, 0.310667, simple, 1557, 20, 9880680, 106318, 0.3609
25, 5, 25, 5, 0.310667, simple, 268, 17, 1588840, 86520, 0.5395
25, 5, 25, 15, 0.310667, simple, 968, 21, 6118652, 104014, 0.4192
25, 5, 25, 25, 0.310667, simple, 1750, 26, 11784307, 146764, 0.6241
25, 5, 25, 35, 0.310667, simple, 1827, 23, 12222204, 123474, 0.8044
25, 5, 25, 45, 0.310667, simple, 1951, 23, 12808101, 123070, 0.8139
25, 5, 35, 5, 0.310667, simple, 275, 16, 1700860, 81462, 0.3759
25, 5, 35, 15, 0.310667, simple, 1073, 31, 6898371, 149648, 0.6576
25, 5, 35, 25, 0.310667, simple, 1917, 29, 12769668, 156114, 0.7983
25, 5, 35, 35, 0.310667, simple, 2253, 31, 14635886, 172104, 0.9879
25, 5, 35, 45, 0.310667, simple, 2425, 30, 15717578, 165588, 0.9687
25, 5, 45, 5, 0.310667, simple, 300, 21, 1839993, 112156, 0.6778
25, 5, 45, 15, 0.310667, simple, 1059, 32, 6690485, 163238, 0.8058
25, 5, 45, 25, 0.310667, simple, 2141, 36, 13741072, 186382, 0.9907
25, 5, 45, 35, 0.310667, simple, 2266, 33, 14877524, 188052, 0.9937
25, 5, 45, 45, 0.310667, simple, 2544, 36, 16463947, 201398, 0.994
25, 15, 5, 5, 0.310667, simple, 204, 8, 1205618, 35260, 0.2395
25, 15, 5, 15, 0.310667, simple, 425, 8, 2499085, 39714, 0.3036
25, 15, 5, 25, 0.310667, simple, 621, 9, 3567901, 41406, 0.338
25, 15, 5, 35, 0.310667, simple, 687, 9, 3941316, 44102, 0.3419
25, 15, 5, 45, 0.310667, simple, 744, 9, 4169377, 45528, 0.3537
25, 15, 15, 5, 0.310667, simple, 277, 17, 1710539, 88022, 0.7063
25, 15, 15, 15, 0.310667, simple, 808, 17, 5255959, 90328, 0.7605
25, 15, 15, 25, 0.310667, simple, 1205, 18, 7901409, 92640, 0.7869
25, 15, 15, 35, 0.310667, simple, 1349, 19, 8665879, 95370, 0.8345
25, 15, 15, 45, 0.310667, simple, 1496, 19, 9506013, 97646, 0.8858
25, 15, 25, 5, 0.310667, simple, 284, 20, 1751622, 103890, 0.7553
25, 15, 25, 15, 0.310667, simple, 963, 26, 6242316, 133638, 0.9018
25, 15, 25, 25, 0.310667, simple, 1710, 24, 11570209, 126624, 0.8432
25, 15, 25, 35, 0.310667, simple, 1882, 23, 12593512, 122752, 0.7998
25, 15, 25, 45, 0.310667, simple, 2101, 24, 13542321, 130942, 0.8956
25, 15, 35, 5, 0.310667, simple, 314, 23, 1868400, 114038, 0.7958
25, 15, 35, 15, 0.310667, simple, 1027, 30, 6594773, 159210, 0.9505
25, 15, 35, 25, 0.310667, simple, 1943, 30, 12878421, 164032, 0.9861
25, 15, 35, 35, 0.310667, simple, 2120, 32, 13840483, 163740, 0.9513
25, 15, 35, 45, 0.310667, simple, 2348, 30, 15211241, 166118, 0.9865
25, 15, 45, 5, 0.310667, simple, 288, 20, 1766468, 98428, 0.601
25, 15, 45, 15, 0.310667, simple, 1047, 32, 6744682, 176122, 0.9864
25, 15, 45, 25, 0.310667, simple, 2056, 34, 13668152, 188922, 0.9913
25, 15, 45, 35, 0.310667, simple, 2271, 34, 15143184, 190784, 0.9829
25, 15, 45, 45, 0.310667, simple, 2451, 34, 16111994, 191308, 0.9937
25, 25, 5, 5, 0.310667, simple, 203, 6, 1220800, 31774, 0.2054
25, 25, 5, 15, 0.310667, simple, 444, 9, 2627165, 43234, 0.3198
25, 25, 5, 25, 0.310667, simple, 656, 9, 3829634, 45278, 0.3432
25, 25, 5, 35, 0.310667, simple, 727, 9, 4217171, 46446, 0.366
25, 25, 5, 45, 0.310667, simple, 805, 10, 4610061, 48038, 0.3994
25, 25, 15, 5, 0.310667, simple, 280, 18, 1725665, 87564, 0.7109
25, 25, 15, 15, 0.310667, simple, 841, 19, 5501941, 95340, 0.8193
25, 25, 15, 25, 0.310667, simple, 1243, 19, 8113061, 94548, 0.7615
25, 25, 15, 35, 0.310667, simple, 1423, 20, 9057023, 99622, 0.874
25, 25, 15, 45, 0.310667, simple, 1570, 20, 9857260, 100582, 0.8863
25, 25, 25, 5, 0.310667, simple, 301, 21, 1825322, 102718, 0.7653
25, 25, 25, 15, 0.310667, simple, 1015, 26, 6492289, 138352, 0.9608
25, 25, 25, 25, 0.310667, simple, 1774, 24, 11893440, 129852, 0.8593
25, 25, 25, 35, 0.310667, simple, 1980, 25, 13138127, 135326, 0.957
25, 25, 25, 45, 0.310667, simple, 2120, 25, 14004094, 136432, 0.9566
25, 25, 35, 5, 0.310667, simple, 301, 21, 1860146, 114000, 0.7527
25, 25, 35, 15, 0.310667, simple, 1056, 30, 6821201, 161942, 0.9797
25, 25, 35, 25, 0.310667, simple, 1979, 30, 13120742, 167408, 0.976
25, 25, 35, 35, 0.310667, simple, 2153, 31, 14121855, 166974, 0.9468
25, 25, 35, 45, 0.310667, simple, 2337, 30, 15193690, 166424, 0.9388
25, 25, 45, 5, 0.310667, simple, 306, 22, 1914596, 115804, 0.7741
25, 25, 45, 15, 0.310667, simple, 1062, 32, 6943469, 179804, 0.9863
25, 25, 45, 25, 0.310667, simple, 2064, 39, 13721384, 193136, 0.9925
25, 25, 45, 35, 0.310667, simple, 2228, 34, 14685880, 189354, 0.9337
25, 25, 45, 45, 0.310667, simple, 2536, 35, 16498247, 193422, 0.9937
25, 35, 5, 5, 0.310667, simple, 205, 8, 1230242, 35756, 0.2265
25, 35, 5, 15, 0.310667, simple, 456, 9, 2716564, 44672, 0.3054
25, 35, 5, 25, 0.310667, simple, 658, 9, 3911951, 43598, 0.2661
25, 35, 5, 35, 0.310667, simple, 744, 10, 4343181, 49390, 0.3872
25, 35, 5, 45, 0.310667, simple, 824, 10, 4697979, 50706, 0.4
25, 35, 15, 5, 0.310667, simple, 284, 17, 1717285, 87150, 0.671
25, 35, 15, 15, 0.310667, simple, 864, 19, 5612084, 97120, 0.8287
25, 35, 15, 25, 0.310667, simple, 1313, 20, 8414528, 99632, 0.851
25, 35, 15, 35, 0.310667, simple, 1468, 21, 9216026, 100964, 0.8708
25, 35, 15, 45, 0.310667, simple, 1646, 19, 9957823, 103170, 0.8839
25, 35, 25, 5, 0.310667, simple, 288, 20, 1753924, 103100, 0.7234
25, 35, 25, 15, 0.310667, simple, 1008, 29, 6582013, 139618, 0.9628
25, 35, 25, 25, 0.310667, simple, 1857, 27, 12218537, 136264, 0.9449
25, 35, 25, 35, 0.310667, simple, 2042, 25, 13324429, 139108, 0.9536
25, 35, 25, 45, 0.310667, simple, 2168, 25, 14264354, 139540, 0.9625
25, 35, 35, 5, 0.310667, simple, 316, 22, 1913146, 111422, 0.8129
25, 35, 35, 15, 0.310667, simple, 1075, 31, 6700989, 155392, 0.8719
25, 35, 35, 25, 0.310667, simple, 1999, 30, 13333339, 169808, 0.9853
25, 35, 35, 35, 0.310667, simple, 2232, 31, 14695561, 172348, 0.9876
25, 35, 35, 45, 0.310667, simple, 2411, 31, 15622592, 171038, 0.9811
25, 35, 45, 5, 0.310667, simple, 297, 21, 1834614, 114222, 0.7417
25, 35, 45, 15, 0.310667, simple, 1057, 32, 6792316, 175220, 0.9307
25, 35, 45, 25, 0.310667, simple, 2067, 34, 13905890, 194504, 0.9931
25, 35, 45, 35, 0.310667, simple, 2338, 35, 15246100, 195984, 0.9938
25, 35, 45, 45, 0.310667, simple, 2510, 35, 16429684, 195946, 0.9938
25, 45, 5, 5, 0.310667, simple, 205, 7, 1218451, 33022, 0.2087
25, 45, 5, 15, 0.310667, simple, 469, 8, 2808154, 42310, 0.2996
25, 45, 5, 25, 0.310667, simple, 692, 10, 4101017, 50730, 0.3879
25, 45, 5, 35, 0.310667, simple, 763, 10, 4489818, 51270, 0.3787
25, 45, 5, 45, 0.310667, simple, 850, 12, 4926407, 55502, 0.4184
25, 45, 15, 5, 0.310667, simple, 285, 18, 1746835, 89594, 0.699
25, 45, 15, 15, 0.310667, simple, 855, 18, 5635239, 98002, 0.8179
25, 45, 15, 25, 0.310667, simple, 1286, 19, 8446604, 100160, 0.8447
25, 45, 15, 35, 0.310667, simple, 1444, 19, 9326332, 103814, 0.8689
25, 45, 15, 45, 0.310667, simple, 1583, 19, 10076273, 102372, 0.8227
25, 45, 25, 5, 0.310667, simple, 304, 20, 1852747, 105466, 0.7787
25, 45, 25, 15, 0.310667, simple, 1010, 26, 6549815, 140644, 0.951
25, 45, 25, 25, 0.310667, simple, 1823, 25, 12355313, 138368, 0.9412
25, 45, 25, 35, 0.310667, simple, 2019, 27, 13439268, 139206, 0.9478
25, 45, 25, 45, 0.310667, simple, 2193, 25, 14377572, 141424, 0.9366
25, 45, 35, 5, 0.310667, simple, 312, 21, 1935028, 111640, 0.7606
25, 45, 35, 15, 0.310667, simple, 1070, 30, 6931154, 165498, 0.9681
25, 45, 35, 25, 0.310667, simple, 1974, 31, 13342914, 170936, 0.9864
25, 45, 35, 35, 0.310667, simple, 2207, 31, 14672231, 173438, 0.9878
25, 45, 35, 45, 0.310667, simple, 2471, 31, 15837695, 173976, 0.9877
25, 45, 45, 5, 0.310667, simple, 318, 23, 1940226, 115098, 0.7874
25, 45, 45, 15, 0.310667, simple, 1099, 32, 7109524, 181362, 0.9859
25, 45, 45, 25, 0.310667, simple, 2058, 34, 13882328, 196108, 0.993
25, 45, 45, 35, 0.310667, simple, 2392, 35, 15382387, 198200, 0.9921
25, 45, 45, 45, 0.310667, simple, 2517, 35, 16349757, 196736, 0.9773
35, 5, 5, 5, 0.281266, simple, 158, 6, 901194, 28856, 0.0757
35, 5, 5, 15, 0.281266, simple, 337, 7, 1897766, 33340, 0.1884
35, 5, 5, 25, 0.281266, simple, 525, 7, 2971066, 32306, 0.2033
35, 5, 5, 35, 0.281266, simple, 715, 7, 4033556, 31000, 0.2371
35, 5, 5, 45, 0.281266, simple, 767, 8, 4253144, 38062, 0.3228
35, 5, 15, 5, 0.281266, simple, 239, 16, 1449507, 80724, 0.5946
35, 5, 15, 15, 0.281266, simple, 787, 16, 5150830, 80128, 0.5976
35, 5, 15, 25, 0.281266, simple, 1139, 18, 7417141, 91390, 0.5102
35, 5, 15, 35, 0.281266, simple, 1535, 18, 9966190, 91748, 0.818
35, 5, 15, 45, 0.281266, simple, 1746, 21, 10936818, 113496, 0.2893
35, 5, 25, 5, 0.281266, simple, 273, 17, 1639241, 76282, 0.4336
35, 5, 25, 15, 0.281266, simple, 981, 23, 6304152, 123652, 0.8143
35, 5, 25, 25, 0.281266, simple, 1661, 23, 11132370, 123702, 0.8477
35, 5, 25, 35, 0.281266, simple, 2444, 28, 16566884, 143046, 0.4232
35, 5, 25, 45, 0.281266, simple, 2604, 25, 17578085, 144418, 0.6405
35, 5, 35, 5, 0.281266, simple, 282, 21, 1707820, 112720, 0.721
35, 5, 35, 15, 0.281266, simple, 1018, 29, 6452255, 156418, 0.9659
35, 5, 35, 25, 0.281266, simple, 2208, 30, 13710416, 161726, 0.9862
35, 5, 35, 35, 0.281266, simple, 2940, 29, 19664577, 154282, 0.9191
35, 5, 35, 45, 0.281266, simple, 3222, 26, 21919091, 139628, 0.7286
35, 5, 45, 5, 0.281266, simple, 277, 15, 1670215, 75426, 0.3305
35, 5, 45, 15, 0.281266, simple, 1130, 34, 7155207, 186834, 0.9469
35, 5, 45, 25, 0.281266, simple, 2001, 34, 13332220, 186616, 0.9927
35, 5, 45, 35, 0.281266, simple, 3252, 33, 21980028, 184544, 0.9935
35, 5, 45, 45, 0.281266, simple, 3340, 35, 22554421, 193014, 0.9922
35, 15, 5, 5, 0.281266, simple, 190, 7, 1088746, 31716, 0.2167
35, 15, 5, 15, 0.281266, simple, 391, 8, 2315036, 38688, 0.2683
35, 15, 5, 25, 0.281266, simple, 575, 8, 3314009, 38582, 0.2806
35, 15, 5, 35, 0.281266, simple, 747, 8, 4355951, 37156, 0.2667
35, 15, 5, 45, 0.281266, simple, 816, 8, 4631296, 39114, 0.2906
35, 15, 15, 5, 0.281266, simple, 260, 16, 1606576, 85220, 0.6814
35, 15, 15, 15, 0.281266, simple, 772, 16, 5105596, 85630, 0.6759
35, 15, 15, 25, 0.281266, simple, 1193, 18, 7820540, 94168, 0.7167
35, 15, 15, 35, 0.281266, simple, 1550, 17, 10155372, 88428, 0.714
35, 15, 15, 45, 0.281266, simple, 1702, 18, 10899441, 95442, 0.7233
35, 15, 25, 5, 0.281266, simple, 279, 19, 1729043, 103170, 0.7181
35, 15, 25, 15, 0.281266, simple, 978, 26, 6343558, 133756, 0.9287
35, 15, 25, 25, 0.281266, simple, 1732, 23, 11449868, 125304, 0.8735
35, 15, 25, 35, 0.281266, simple, 2243, 21, 15376496, 114694, 0.6722
35, 15, 25, 45, 0.281266, simple, 2409, 21, 16130555, 114486, 0.729
35, 15, 35, 5, 0.281266, simple, 278, 19, 1711509, 101040, 0.6356
35, 15, 35, 15, 0.281266, simple, 1030, 29, 6652844, 157760, 0.9446
35, 15, 35, 25, 0.281266, simple, 1931, 29, 12753397, 163284, 0.9856
35, 15, 35, 35, 0.281266, simple, 3048, 29, 20214881, 156304, 0.9352
35, 15, 35, 45, 0.281266, simple, 3104, 28, 20566732, 150304, 0.8414
35, 15, 45, 5, 0.281266, simple, 291, 21, 1760089, 112294, 0.7086
35, 15, 45, 15, 0.281266, simple, 1062, 30, 6873179, 163776, 0.7172
35, 15, 45, 25, 0.281266, simple, 1986, 33, 13359014, 185684, 0.9468
35, 15, 45, 35, 0.281266, simple, 3069, 35, 21223911, 185810, 0.9926
35, 15, 45, 45, 0.281266, simple, 3334, 34, 22691859, 187302, 0.9927
35, 25, 5, 5, 0.281266, simple, 196, 6, 1145114, 32356, 0.193
35, 25, 5, 15, 0.281266, simple, 426, 9, 2512126, 41576, 0.2443
35, 25, 5, 25, 0.281266, simple, 621, 9, 3597846, 42056, 0.331
35, 25, 5, 35, 0.281266, simple, 797, 8, 4659972, 40718, 0.3096
35, 25, 5, 45, 0.281266, simple, 876, 9, 5056460, 44842, 0.1305
35, 25, 15, 5, 0.281266, simple, 272, 16, 1646256, 85694, 0.69
35, 25, 15, 15, 0.281266, simple, 817, 18, 5329850, 92354, 0.8135
35, 25, 15, 25, 0.281266, simple, 1223, 17, 8038853, 87198, 0.6592
35, 25, 15, 35, 0.281266, simple, 1622, 18, 10648958, 97736, 0.8623
35, 25, 15, 45, 0.281266, simple, 1747, 19, 11415578, 99982, 0.855
35, 25, 25, 5, 0.281266, simple, 307, 20, 1890077, 106328, 0.7639
35, 25, 25, 15, 0.281266, simple, 974, 25, 6316004, 135176, 0.9226
35, 25, 25, 25, 0.281266, simple, 1699, 24, 11638626, 126546, 0.8451
35, 25, 25, 35, 0.281266, simple, 2343, 22, 15716145, 116278, 0.6725
35, 25, 25, 45, 0.281266, simple, 2456, 23, 16352850, 124686, 0.7974
35, 25, 35, 5, 0.281266, simple, 295, 23, 1790460, 106480, 0.7004
35, 25, 35, 15, 0.281266, simple, 1014, 30, 6549392, 154032, 0.875
35, 25, 35, 25, 0.281266, simple, 2006, 29, 13533326, 161154, 0.9182
35, 25, 35, 35, 0.281266, simple, 2973, 30, 20481368, 159948, 0.9647
35, 25, 35, 45, 0.281266, simple, 3153, 30, 21543999, 161644, 0.959
35, 25, 45, 5, 0.281266, simple, 286, 23, 1775944, 108346, 0.6453
35, 25, 45, 15, 0.281266, simple, 1040, 30, 6693240, 159162, 0.7492
35, 25, 45, 25, 0.281266, simple, 2257, 37, 14700603, 189624, 0.9921
35, 25, 45, 35, 0.281266, simple, 3199, 36, 21559351, 189168, 0.9924
35, 25, 45, 45, 0.281266, simple, 3307, 33, 22170739, 182792, 0.8984
35, 35, 5, 5, 0.281266, simple, 195, 7, 1159246, 35032, 0.2169
35, 35, 5, 15, 0.281266, simple, 463, 9, 2764724, 43162, 0.3085
35, 35, 5, 25, 0.281266, simple, 644, 8, 3783091, 44610, 0.324
35, 35, 5, 35, 0.281266, simple, 846, 8, 4980612, 41210, 0.2742
35, 35, 5, 45, 0.281266, simple, 937, 10, 5437801, 48696, 0.334
35, 35, 15, 5, 0.281266, simple, 286, 17, 1768782, 89100, 0.7303
35, 35, 15, 15, 0.281266, simple, 832, 18, 5493514, 94922, 0.8204
35, 35, 15, 25, 0.281266, simple, 1293, 19, 8519620, 95786, 0.7308
35, 35, 15, 35, 0.281266, simple, 1653, 18, 10816400, 92354, 0.7016
35, 35, 15, 45, 0.281266, simple, 1793, 22, 11602222, 101730, 0.8704
35, 35, 25, 5, 0.281266, simple, 298, 20, 1801209, 104548, 0.7417
35, 35, 25, 15, 0.281266, simple, 990, 26, 6470660, 137984, 0.9604
35, 35, 25, 25, 0.281266, simple, 1792, 25, 12198355, 135852, 0.8759
35, 35, 25, 35, 0.281266, simple, 2272, 24, 15618969, 131736, 0.8601
35, 35, 25, 45, 0.281266, simple, 2501, 25, 16778405, 137692, 0.9397
35, 35, 35, 5, 0.281266, simple, 290, 19, 1787757, 102308, 0.6414
35, 35, 35, 15, 0.281266, simple, 1045, 31, 6827322, 163902, 0.9737
35, 35, 35, 25, 0.281266, simple, 2024, 32, 12954688, 154226, 0.8182
35, 35, 35, 35, 0.281266, simple, 3067, 31, 20724304, 164444, 0.9747
35, 35, 35, 45, 0.281266, simple, 3182, 31, 21777479, 164362, 0.9803
35, 35, 45, 5, 0.281266, simple, 301, 21, 1886019, 116086, 0.8004
35, 35, 45, 15, 0.281266, simple, 1078, 34, 6929999, 178974, 0.9746
35, 35, 45, 25, 0.281266, simple, 2009, 34, 13416526, 191414, 0.9539
35, 35, 45, 35, 0.281266, simple, 3146, 35, 21764919, 191190, 0.9908
35, 35, 45, 45, 0.281266, simple, 3436, 34, 23638838, 187950, 0.9306
35, 45, 5, 5, 0.281266, simple, 195, 6, 1149024, 29902, 0.1676
35, 45, 5, 15, 0.281266, simple, 446, 9, 2664898, 43972, 0.3063
35, 45, 5, 25, 0.281266, simple, 663, 9, 3900530, 46370, 0.2494
35, 45, 5, 35, 0.281266, simple, 856, 10, 5041172, 49582, 0.3565
35, 45, 5, 45, 0.281266, simple, 950, 11, 5512384, 53696, 0.4174
35, 45, 15, 5, 0.281266, simple, 270, 17, 1676216, 86008, 0.6979
35, 45, 15, 15, 0.281266, simple, 858, 19, 5586766, 96548, 0.8117
35, 45, 15, 25, 0.281266, simple, 1260, 19, 8288657, 99628, 0.8515
35, 45, 15, 35, 0.281266, simple, 1682, 19, 11022812, 102376, 0.8625
35, 45, 15, 45, 0.281266, simple, 1865, 22, 11783291, 103228, 0.8702
35, 45, 25, 5, 0.281266, simple, 295, 21, 1735054, 103128, 0.6783
35, 45, 25, 15, 0.281266, simple, 1030, 26, 6463933, 138362, 0.9551
35, 45, 25, 25, 0.281266, simple, 1788, 26, 12096069, 136456, 0.9379
35, 45, 25, 35, 0.281266, simple, 2478, 31, 16042866, 138306, 0.949
35, 45, 25, 45, 0.281266, simple, 2655, 26, 16875444, 138294, 0.9492
35, 45, 35, 5, 0.281266, simple, 299, 22, 1813866, 111482, 0.7579
35, 45, 35, 15, 0.281266, simple, 1091, 32, 6962574, 163942, 0.9787
35, 45, 35, 25, 0.281266, simple, 1987, 31, 13313065, 170608, 0.985
35, 45, 35, 35, 0.281266, simple, 3036, 32, 20870086, 163676, 0.9624
35, 45, 35, 45, 0.281266, simple, 3250, 30, 22068675, 166624, 0.9629
35, 45, 45, 5, 0.281266, simple, 296, 21, 1810724, 113764, 0.7444
35, 45, 45, 15, 0.281266, simple, 1121, 35, 7022133, 181358, 0.9772
35, 45, 45, 25, 0.281266, simple, 2155, 38, 13859579, 194916, 0.9913
35, 45, 45, 35, 0.281266, simple, 3317, 34, 22086634, 183380, 0.781
35, 45, 45, 45, 0.281266, simple, 3387, 35, 23049392, 193198, 0.9914
45, 5, 5, 5, 0.262697, simple, 161, 7, 919081, 30416, 0.1498
45, 5, 5, 15, 0.262697, simple, 345, 7, 1969682, 32806, 0.182
45, 5, 5, 25, 0.262697, simple, 533, 7, 3013404, 33940, 0.2384
45, 5, 5, 35, 0.262697, simple, 739, 8, 4153903, 40784, 0.1981
45, 5, 5, 45, 0.262697, simple, 895, 7, 5013241, 35960, 0.2378
45, 5, 15, 5, 0.262697, simple, 255, 17, 1515417, 88204, 0.6709
45, 5, 15, 15, 0.262697, simple, 771, 21, 5027976, 95070, 0.3391
45, 5, 15, 25, 0.262697, simple, 1271, 20, 8268010, 105980, 0.5496
45, 5, 15, 35, 0.262697, simple, 1554, 19, 10040821, 95040, 0.8121
45, 5, 15, 45, 0.262697, simple, 1872, 17, 12344739, 87764, 0.7513
45, 5, 25, 5, 0.262697, simple, 269, 20, 1614159, 91936, 0.561
45, 5, 25, 15, 0.262697, simple, 941, 24, 6021018, 125196, 0.8545
45, 5, 25, 25, 0.262697, simple, 1621, 21, 10971712, 113378, 0.6979
45, 5, 25, 35, 0.262697, simple, 2238, 26, 15007510, 130472, 0.8812
45, 5, 25, 45, 0.262697, simple, 2780, 27, 18414343, 126336, 0.911
45, 5, 35, 5, 0.262697, simple, 294, 19, 1699771, 89030, 0.5277
45, 5, 35, 15, 0.262697, simple, 1099, 27, 6641663, 145736, 0.7715
45, 5, 35, 25, 0.262697, simple, 2020, 34, 13064560, 161720, 0.9855
45, 5, 35, 35, 0.262697, simple, 2973, 24, 19719882, 127020, 0.6637
45, 5, 35, 45, 0.262697, simple, 3742, 26, 25408108, 136744, 0.7385
45, 5, 45, 5, 0.262697, simple, 278, 23, 1649693, 110530, 0.7001
45, 5, 45, 15, 0.262697, simple, 1246, 32, 7471795, 179202, 0.9221
45, 5, 45, 25, 0.262697, simple, 2097, 34, 14021711, 190224, 0.993
45, 5, 45, 35, 0.262697, simple, 3331, 35, 21376411, 186048, 0.9929
45, 5, 45, 45, 0.262697, simple, 4346, 30, 30900489, 159390, 0.7691
45, 15, 5, 5, 0.262697, simple, 187, 6, 1068628, 31440, 0.2056
45, 15, 5, 15, 0.262697, simple, 377, 6, 2170687, 28976, 0.1737
45, 15, 5, 25, 0.262697, simple, 579, 7, 3292957, 33474, 0.1953
45, 15, 5, 35, 0.262697, simple, 771, 8, 4274858, 38728, 0.2926
45, 15, 5, 45, 0.262697, simple, 913, 8, 5169619, 39342, 0.2775
45, 15, 15, 5, 0.262697, simple, 261, 16, 1564366, 78502, 0.4418
45, 15, 15, 15, 0.262697, simple, 795, 19, 5095150, 88802, 0.7786
45, 15, 15, 25, 0.262697, simple, 1255, 14, 8168891, 73074, 0.3872
45, 15, 15, 35, 0.262697, simple, 1549, 15, 10223895, 80992, 0.441
45, 15, 15, 45, 0.262697, simple, 1903, 17, 12509854, 88286, 0.7134
45, 15, 25, 5, 0.262697, simple, 287, 20, 1793110, 106308, 0.7809
45, 15, 25, 15, 0.262697, simple, 942, 23, 6162252, 123998, 0.738
45, 15, 25, 25, 0.262697, simple, 1680, 22, 11422730, 119008, 0.7761
45, 15, 25, 35, 0.262697, simple, 2209, 24, 15133648, 127730, 0.8951
45, 15, 25, 45, 0.262697, simple, 2768, 24, 18699489, 127988, 0.8766
45, 15, 35, 5, 0.262697, simple, 298, 21, 1861114, 110690, 0.7521
45, 15, 35, 15, 0.262697, simple, 958, 25, 6196098, 140238, 0.7391
45, 15, 35, 25, 0.262697, simple, 2089, 30, 13893586, 163142, 0.9761
45, 15, 35, 35, 0.262697, simple, 2878, 28, 19736577, 147452, 0.8391
45, 15, 35, 45, 0.262697, simple, 3566, 29, 24888922, 143646, 0.805
45, 15, 45, 5, 0.262697, simple, 279, 15, 1680503, 78834, 0.3878
45, 15, 45, 15, 0.262697, simple, 1015, 32, 6527330, 167190, 0.8607
45, 15, 45, 25, 0.262697, simple, 2051, 34, 13690824, 188322, 0.9432
45, 15, 45, 35, 0.262697, simple, 3166, 34, 21755319, 183052, 0.9387
45, 15, 45, 45, 0.262697, simple, 4383, 30, 31035761, 162136, 0.7637
45, 25, 5, 5, 0.262697, simple, 189, 6, 1133262, 29878, 0.181
45, 25, 5, 15, 0.262697, simple, 416, 8, 2440667, 40610, 0.3051
45, 25, 5, 25, 0.262697, simple, 615, 9, 3563017, 42964, 0.3154
45, 25, 5, 35, 0.262697, simple, 800, 9, 4644503, 48576, 0.1556
45, 25, 5, 45, 0.262697, simple, 913, 8, 5298015, 37636, 0.1667
45, 25, 15, 5, 0.262697, simple, 276, 18, 1699053, 86548, 0.6574
45, 25, 15, 15, 0.262697, simple, 810, 18, 5311818, 93210, 0.8221
45, 25, 15, 25, 0.262697, simple, 1260, 21, 8329223, 110992, 0.2992
45, 25, 15, 35, 0.262697, simple, 1644, 19, 10545951, 98222, 0.8508
45, 25, 15, 45, 0.262697, simple, 1980, 19, 12958562, 97716, 0.8662
45, 25, 25, 5, 0.262697, simple, 297, 21, 1821796, 105832, 0.756
45, 25, 25, 15, 0.262697, simple, 1006, 25, 6471499, 130786, 0.7008
45, 25, 25, 25, 0.262697, simple, 1713, 22, 11482306, 118384, 0.7738
45, 25, 25, 35, 0.262697, simple, 2501, 26, 16850860, 138564, 0.41
45, 25, 25, 45, 0.262697, simple, 3031, 28, 20055791, 145392, 0.6373
45, 25, 35, 5, 0.262697, simple, 315, 21, 1903797, 109832, 0.8004
45, 25, 35, 15, 0.262697, simple, 1048, 31, 6578617, 160490, 0.9615
45, 25, 35, 25, 0.262697, simple, 2025, 30, 13005203, 162620, 0.8856
45, 25, 35, 35, 0.262697, simple, 2989, 29, 20345435, 160258, 0.9557
45, 25, 35, 45, 0.262697, simple, 3804, 29, 25458824, 155848, 0.8503
45, 25, 45, 5, 0.262697, simple, 282, 19, 1737868, 100544, 0.5973
45, 25, 45, 15, 0.262697, simple, 1045, 30, 6721504, 158810, 0.7326
45, 25, 45, 25, 0.262697, simple, 1997, 32, 13419754, 182000, 0.87
45, 25, 45, 35, 0.262697, simple, 3192, 33, 21832095, 177774, 0.8347
45, 25, 45, 45, 0.262697, simple, 4637, 37, 32468845, 204508, 0.6807
45, 35, 5, 5, 0.262697, simple, 189, 6, 1117868, 29028, 0.1152
45, 35, 5, 15, 0.262697, simple, 427, 8, 2538028, 41634, 0.2838
45, 35, 5, 25, 0.262697, simple, 666, 10, 3864536, 48732, 0.1394
45, 35, 5, 35, 0.262697, simple, 835, 10, 4907773, 48570, 0.217
45, 35, 5, 45, 0.262697, simple, 1018, 9, 5872512, 42698, 0.247
45, 35, 15, 5, 0.262697, simple, 268, 13, 1596349, 62516, 0.3186
45, 35, 15, 15, 0.262697, simple, 846, 18, 5575131, 96204, 0.3985
45, 35, 15, 25, 0.262697, simple, 1274, 19, 8156023, 98388, 0.837
45, 35, 15, 35, 0.262697, simple, 1629, 19, 10654682, 98792, 0.8478
45, 35, 15, 45, 0.262697, simple, 2054, 18, 13474475, 99850, 0.7043
45, 35, 25, 5, 0.262697, simple, 284, 19, 1708228, 99016, 0.5559
45, 35, 25, 15, 0.262697, simple, 994, 26, 6371623, 136744, 0.9621
45, 35, 25, 25, 0.262697, simple, 1773, 25, 11976668, 133800, 0.9476
45, 35, 25, 35, 0.262697, simple, 2378, 25, 15780367, 134496, 0.9436
45, 35, 25, 45, 0.262697, simple, 2907, 24, 19720724, 129976, 0.6735
45, 35, 35, 5, 0.262697, simple, 321, 22, 1937796, 111802, 0.8242
45, 35, 35, 15, 0.262697, simple, 1047, 30, 6740507, 161372, 0.9269
45, 35, 35, 25, 0.262697, simple, 1957, 30, 12988615, 166168, 0.9206
45, 35, 35, 35, 0.262697, simple, 3078, 30, 21049819, 157062, 0.8589
45, 35, 35, 45, 0.262697, simple, 3643, 29, 25128199, 161276, 0.9524
45, 35, 45, 5, 0.262697, simple, 303, 22, 1860871, 114580, 0.7927
45, 35, 45, 15, 0.262697, simple, 1063, 32, 6844636, 174908, 0.8642
45, 35, 45, 25, 0.262697, simple, 2065, 41, 13548349, 185886, 0.8618
45, 35, 45, 35, 0.262697, simple, 3130, 34, 21199832, 177418, 0.845
45, 35, 45, 45, 0.262697, simple, 4437, 34, 31303121, 184552, 0.8914
45, 45, 5, 5, 0.262697, simple, 202, 5, 1216258, 27422, 0.1389
45, 45, 5, 15, 0.262697, simple, 431, 8, 2548325, 42088, 0.2719
45, 45, 5, 25, 0.262697, simple, 661, 10, 3845647, 46546, 0.3427
45, 45, 5, 35, 0.262697, simple, 843, 10, 4995389, 51450, 0.2244
45, 45, 5, 45, 0.262697, simple, 1032, 11, 6130989, 50830, 0.3994
45, 45, 15, 5, 0.262697, simple, 276, 16, 1691825, 83096, 0.6041
45, 45, 15, 15, 0.262697, simple, 841, 18, 5485037, 96636, 0.8014
45, 45, 15, 25, 0.262697, simple, 1291, 19, 8556713, 98244, 0.6718
45, 45, 15, 35, 0.262697, simple, 1656, 19, 10946428, 100056, 0.8349
45, 45, 15, 45, 0.262697, simple, 2029, 19, 13437529, 102188, 0.8722
45, 45, 25, 5, 0.262697, simple, 286, 19, 1782054, 99640, 0.6409
45, 45, 25, 15, 0.262697, simple, 987, 26, 6419663, 137556, 0.9436
45, 45, 25, 25, 0.262697, simple, 1771, 27, 12084195, 135718, 0.9422
45, 45, 25, 35, 0.262697, simple, 2368, 25, 16166894, 136640, 0.9109
45, 45, 25, 45, 0.262697, simple, 2924, 24, 20144813, 128948, 0.3529
45, 45, 35, 5, 0.262697, simple, 287, 20, 1761372, 107280, 0.7015
45, 45, 35, 15, 0.262697, simple, 1034, 29, 6705840, 161874, 0.9319
45, 45, 35, 25, 0.262697, simple, 1979, 31, 13148855, 169366, 0.9856
45, 45, 35, 35, 0.262697, simple, 3101, 30, 20938647, 163054, 0.8824
45, 45, 35, 45, 0.262697, simple, 3846, 32, 25411731, 164020, 0.9797
45, 45, 45, 5, 0.262697, simple, 290, 22, 1742008, 106850, 0.6553
45, 45, 45, 15, 0.262697, simple, 1103, 34, 6885101, 179522, 0.9852
45, 45, 45, 25, 0.262697, simple, 2088, 36, 13729369, 193798, 0.9916
45, 45, 45, 35, 0.262697, simple, 3171, 35, 21780925, 191838, 0.9151
45, 45, 45, 45, 0.262697, simple, 4519, 34, 31219809, 190650, 0.9712

