5, 5, 5, 5, 1, simple, 316, 8, 1783956, 35472, 0.2248
5, 5, 5, 15, 1, simple, 426, 9, 2382554, 42276, 0.3144
5, 5, 5, 25, 1, simple, 540, 9, 3046299, 45644, 0.4055
5, 5, 5, 35, 1, simple, 641, 10, 3456787, 47396, 0.4467
5, 5, 5, 45, 1, simple, 747, 10, 4004704, 47152, 0.4468
5, 5, 15, 5, 1, simple, 371, 18, 2159670, 91632, 0.6845
5, 5, 15, 15, 1, simple, 615, 20, 3470093, 96750, 0.8799
5, 5, 15, 25, 1, simple, 807, 18, 4637634, 90642, 0.6913
5, 5, 15, 35, 1, simple, 915, 18, 5314535, 95260, 0.804
5, 5, 15, 45, 1, simple, 1071, 18, 6165781, 96672, 0.9077
5, 5, 25, 5, 1, simple, 386, 21, 2289223, 109890, 0.78
5, 5, 25, 15, 1, simple, 621, 20, 3645951, 109464, 0.8938
5, 5, 25, 25, 1, simple, 843, 20, 5048400, 111300, 0.884
5, 5, 25, 35, 1, simple, 999, 21, 5856757, 110890, 0.9299
5, 5, 25, 45, 1, simple, 1101, 19, 6491408, 101992, 0.7754
5, 5, 35, 5, 1, simple, 372, 22, 2231485, 114934, 0.7755
5, 5, 35, 15, 1, simple, 630, 21, 3727109, 112140, 0.764
5, 5, 35, 25, 1, simple, 844, 21, 4965584, 116264, 0.8938
5, 5, 35, 35, 1, simple, 1024, 23, 6050679, 116226, 0.9274
5, 5, 35, 45, 1, simple, 1178, 21, 6984025, 117090, 0.9351
5, 5, 45, 5, 1, simple, 403, 22, 2425172, 121190, 0.7611
5, 5, 45, 15, 1, simple, 640, 23, 3799115, 118502, 0.909
5, 5, 45, 25, 1, simple, 881, 22, 5254761, 120038, 0.7698
5, 5, 45, 35, 1, simple, 1023, 20, 6038496, 114822, 0.8337
5, 5, 45, 45, 1, simple, 1209, 22, 7137202, 120744, 0.9368
5, 15, 5, 5, 1, simple, 391, 9, 2420290, 42880, 0.2452
5, 15, 5, 15, 1, simple, 544, 9, 3277077, 49142, 0.3526
5, 15, 5, 25, 1, simple, 686, 10, 4011995, 52668, 0.4394
5, 15, 5, 35, 1, simple, 842, 11, 4831160, 56324, 0.472
5, 15, 5, 45, 1, simple, 929, 11, 5335766, 54042, 0.4797
5, 15, 15, 5, 1, simple, 434, 18, 2784534, 94988, 0.7191
5, 15, 15, 15, 1, simple, 716, 19, 4423922, 103396, 0.8773
5, 15, 15, 25, 1, simple, 938, 19, 5660737, 105080, 0.9022
5, 15, 15, 35, 1, simple, 1138, 20, 6782253, 106844, 0.9097
5, 15, 15, 45, 1, simple, 1307, 19, 7726086, 107348, 0.9034
5, 15, 25, 5, 1, simple, 476, 21, 2913404, 113626, 0.7933
5, 15, 25, 15, 1, simple, 777, 22, 4586094, 112062, 0.7106
5, 15, 25, 25, 1, simple, 993, 21, 5980484, 120176, 0.9209
5, 15, 25, 35, 1, simple, 1175, 22, 7085982, 119300, 0.93
5, 15, 25, 45, 1, simple, 1396, 23, 8099151, 118674, 0.9296
5, 15, 35, 5, 1, simple, 492, 24, 3007983, 122844, 0.8084
5, 15, 35, 15, 1, simple, 781, 23, 4708282, 125114, 0.9111
5, 15, 35, 25, 1, simple, 1032, 23, 6086504, 125468, 0.9316
5, 15, 35, 35, 1, simple, 1254, 23, 7401176, 125728, 0.9273
5, 15, 35, 45, 1, simple, 1404, 22, 8472725, 125384, 0.908
5, 15, 45, 5, 1, simple, 471, 22, 2898805, 121860, 0.7741
5, 15, 45, 15, 1, simple, 788, 24, 4895446, 127418, 0.921
5, 15, 45, 25, 1, simple, 1022, 23, 6204528, 127714, 0.936
5, 15, 45, 35, 1, simple, 1203, 23, 7350273, 127662, 0.9377
5, 15, 45, 45, 1, simple, 1413, 23, 8529294, 127746, 0.931
5, 25, 5, 5, 1, simple, 449, 10, 2825304, 48926, 0.2465
5, 25, 5, 15, 1, simple, 599, 11, 3625678, 55038, 0.369
5, 25, 5, 25, 1, simple, 750, 11, 4420922, 56914, 0.4302
5, 25, 5, 35, 1, simple, 864, 11, 5013884, 54860, 0.4659
5, 25, 5, 45, 1, simple, 998, 11, 5793108, 58326, 0.491
5, 25, 15, 5, 1, simple, 485, 21, 3036954, 98428, 0.7006
5, 25, 15, 15, 1, simple, 759, 20, 4621265, 104766, 0.8861
5, 25, 15, 25, 1, simple, 967, 20, 5882116, 107538, 0.8983
5, 25, 15, 35, 1, simple, 1183, 20, 7023399, 107698, 0.9021
5, 25, 15, 45, 1, simple, 1329, 19, 7933190, 108576, 0.912
5, 25, 25, 5, 1, simple, 508, 23, 3171517, 117458, 0.7988
5, 25, 25, 15, 1, simple, 826, 22, 5164673, 124468, 0.9149
5, 25, 25, 25, 1, simple, 1018, 22, 6325886, 121988, 0.9069
5, 25, 25, 35, 1, simple, 1213, 21, 7346366, 118606, 0.9268
5, 25, 25, 45, 1, simple, 1419, 21, 8565438, 122002, 0.9322
5, 25, 35, 5, 1, simple, 529, 23, 3283766, 123688, 0.8
5, 25, 35, 15, 1, simple, 797, 23, 4909649, 125090, 0.9206
5, 25, 35, 25, 1, simple, 1038, 23, 6403969, 127498, 0.9241
5, 25, 35, 35, 1, simple, 1236, 22, 7493651, 127002, 0.923
5, 25, 35, 45, 1, simple, 1428, 22, 8641749, 128744, 0.937
5, 25, 45, 5, 1, simple, 492, 24, 3025446, 126682, 0.8134
5, 25, 45, 15, 1, simple, 793, 23, 4979911, 126694, 0.9061
5, 25, 45, 25, 1, simple, 1037, 23, 6361576, 128680, 0.926
5, 25, 45, 35, 1, simple, 1248, 22, 7596136, 127366, 0.9003
5, 25, 45, 45, 1, simple, 1427, 24, 8652789, 129396, 0.9378
5, 35, 5, 5, 1, simple, 449, 9, 2777352, 47580, 0.2338
5, 35, 5, 15, 1, simple, 606, 10, 3657878, 54674, 0.4017
5, 35, 5, 25, 1, simple, 754, 11, 4489917, 57796, 0.456
5, 35, 5, 35, 1, simple, 900, 11, 5236168, 55894, 0.4643
5, 35, 5, 45, 1, simple, 1022, 11, 5905705, 59352, 0.4917
5, 35, 15, 5, 1, simple, 479, 17, 2980423, 87592, 0.5665
5, 35, 15, 15, 1, simple, 775, 21, 4746948, 107328, 0.8821
5, 35, 15, 25, 1, simple, 979, 19, 5979323, 109126, 0.8867
5, 35, 15, 35, 1, simple, 1185, 20, 7163012, 109236, 0.9065
5, 35, 15, 45, 1, simple, 1354, 19, 8100137, 109930, 0.9099
5, 35, 25, 5, 1, simple, 483, 21, 3057699, 113498, 0.7759
5, 35, 25, 15, 1, simple, 823, 22, 5164180, 123200, 0.914
5, 35, 25, 25, 1, simple, 1010, 22, 6221663, 120590, 0.9253
5, 35, 25, 35, 1, simple, 1257, 22, 7551500, 121432, 0.926
5, 35, 25, 45, 1, simple, 1439, 23, 8519750, 122664, 0.9248
5, 35, 35, 5, 1, simple, 523, 23, 3197181, 122696, 0.8216
5, 35, 35, 15, 1, simple, 814, 23, 4892182, 126144, 0.8964
5, 35, 35, 25, 1, simple, 1043, 23, 6349550, 126516, 0.9221
5, 35, 35, 35, 1, simple, 1255, 22, 7625138, 127632, 0.9343
5, 35, 35, 45, 1, simple, 1444, 22, 8660731, 126614, 0.9201
5, 35, 45, 5, 1, simple, 505, 24, 3190740, 127000, 0.7859
5, 35, 45, 15, 1, simple, 801, 23, 5004278, 129086, 0.9055
5, 35, 45, 25, 1, simple, 1059, 24, 6489795, 130922, 0.9324
5, 35, 45, 35, 1, simple, 1286, 23, 7737197, 129638, 0.9377
5, 35, 45, 45, 1, simple, 1465, 23, 8829034, 127758, 0.9381
5, 45, 5, 5, 1, simple, 430, 9, 2690918, 45886, 0.2266
5, 45, 5, 15, 1, simple, 609, 11, 3683283, 55384, 0.3823
5, 45, 5, 25, 1, simple, 774, 11, 4626094, 59576, 0.4505
5, 45, 5, 35, 1, simple, 895, 12, 5265847, 61674, 0.4131
5, 45, 5, 45, 1, simple, 973, 11, 5595468, 56394, 0.445
5, 45, 15, 5, 1, simple, 472, 19, 3028854, 99932, 0.7357
5, 45, 15, 15, 1, simple, 768, 19, 4787272, 106362, 0.8735
5, 45, 15, 25, 1, simple, 974, 20, 6006097, 109616, 0.9003
5, 45, 15, 35, 1, simple, 1189, 19, 7152071, 108058, 0.9064
5, 45, 15, 45, 1, simple, 1344, 19, 8048831, 106848, 0.8639
5, 45, 25, 5, 1, simple, 489, 22, 3161864, 115118, 0.772
5, 45, 25, 15, 1, simple, 777, 22, 4893912, 121204, 0.9139
5, 45, 25, 25, 1, simple, 1029, 21, 6390109, 122498, 0.9237
5, 45, 25, 35, 1, simple, 1261, 22, 7626613, 123318, 0.9054
5, 45, 25, 45, 1, simple, 1418, 22, 8559755, 122662, 0.9159
5, 45, 35, 5, 1, simple, 487, 23, 3071530, 122518, 0.7799
5, 45, 35, 15, 1, simple, 810, 22, 5091609, 127706, 0.8954
5, 45, 35, 25, 1, simple, 1053, 23, 6451723, 126904, 0.9347
5, 45, 35, 35, 1, simple, 1249, 22, 7651348, 128722, 0.9342
5, 45, 35, 45, 1, simple, 1456, 22, 8876233, 128658, 0.9357
5, 45, 45, 5, 1, simple, 470, 23, 3039240, 123590, 0.7519
5, 45, 45, 15, 1, simple, 815, 23, 5086335, 128780, 0.9117
5, 45, 45, 25, 1, simple, 1068, 23, 6557570, 130162, 0.9358
5, 45, 45, 35, 1, simple, 1274, 23, 7691905, 128906, 0.9381
5, 45, 45, 45, 1, simple, 1473, 23, 8919086, 131400, 0.9384
15, 5, 5, 5, 1, simple, 293, 7, 1695493, 34378, 0.2063
15, 5, 5, 15, 1, simple, 606, 9, 3490590, 42166, 0.2723
15, 5, 5, 25, 1, simple, 706, 9, 3984399, 45704, 0.3312
15, 5, 5, 35, 1, simple, 809, 10, 4511692, 49532, 0.2429
15, 5, 5, 45, 1, simple, 922, 10, 5098916, 48202, 0.402
15, 5, 15, 5, 1, simple, 353, 18, 2138872, 92854, 0.6724
15, 5, 15, 15, 1, simple, 978, 18, 6221567, 92564, 0.7334
15, 5, 15, 25, 1, simple, 1196, 19, 7416644, 97880, 0.8554
15, 5, 15, 35, 1, simple, 1385, 20, 8472573, 104738, 0.7611
15, 5, 15, 45, 1, simple, 1507, 18, 9318366, 94234, 0.7231
15, 5, 25, 5, 1, simple, 372, 15, 2252050, 78726, 0.3238
15, 5, 25, 15, 1, simple, 1139, 25, 7301994, 138088, 0.9395
15, 5, 25, 25, 1, simple, 1375, 24, 8592801, 133086, 0.8327
15, 5, 25, 35, 1, simple, 1601, 26, 9928074, 143944, 0.9336
15, 5, 25, 45, 1, simple, 1802, 25, 11071387, 142778, 0.9474
15, 5, 35, 5, 1, simple, 403, 22, 2399675, 117932, 0.787
15, 5, 35, 15, 1, simple, 1214, 30, 7605365, 157190, 0.8643
15, 5, 35, 25, 1, simple, 1468, 29, 9172776, 164378, 0.9739
15, 5, 35, 35, 1, simple, 1660, 28, 10227123, 158500, 0.8038
15, 5, 35, 45, 1, simple, 2080, 32, 12846482, 184022, 0.9863
15, 5, 45, 5, 1, simple, 404, 23, 2374150, 121940, 0.734
15, 5, 45, 15, 1, simple, 1194, 29, 7600470, 161162, 0.7418
15, 5, 45, 25, 1, simple, 1537, 32, 9561229, 181228, 0.9893
15, 5, 45, 35, 1, simple, 1800, 32, 11022609, 181216, 0.9893
15, 5, 45, 45, 1, simple, 2138, 32, 13168973, 181530, 0.9902
15, 15, 5, 5, 1, simple, 402, 9, 2482475, 43338, 0.2371
15, 15, 5, 15, 1, simple, 962, 12, 6074036, 58836, 0.3423
15, 15, 5, 25, 1, simple, 1073, 12, 6604378, 58176, 0.3835
15, 15, 5, 35, 1, simple, 1200, 12, 7283263, 60426, 0.4232
15, 15, 5, 45, 1, simple, 1350, 13, 8049388, 63664, 0.4606
15, 15, 15, 5, 1, simple, 444, 18, 2834379, 96054, 0.7071
15, 15, 15, 15, 1, simple, 1322, 20, 8832596, 109418, 0.8299
15, 15, 15, 25, 1, simple, 1543, 21, 10113852, 113806, 0.8712
15, 15, 15, 35, 1, simple, 1754, 21, 11309250, 116878, 0.8873
15, 15, 15, 45, 1, simple, 1924, 21, 12149165, 116078, 0.8994
15, 15, 25, 5, 1, simple, 473, 23, 2885956, 112766, 0.8004
15, 15, 25, 15, 1, simple, 1455, 27, 9658494, 151234, 0.9623
15, 15, 25, 25, 1, simple, 1763, 31, 11177880, 153384, 0.9713
15, 15, 25, 35, 1, simple, 2120, 33, 12824965, 157890, 0.9732
15, 15, 25, 45, 1, simple, 2303, 29, 13737572, 155358, 0.9753
15, 15, 35, 5, 1, simple, 490, 22, 2917411, 121170, 0.759
15, 15, 35, 15, 1, simple, 1578, 33, 10053815, 177344, 0.9786
15, 15, 35, 25, 1, simple, 1846, 31, 11675798, 179652, 0.9832
15, 15, 35, 35, 1, simple, 2198, 32, 13281639, 180050, 0.985
15, 15, 35, 45, 1, simple, 2422, 32, 14772409, 181360, 0.9755
15, 15, 45, 5, 1, simple, 498, 27, 3014834, 124322, 0.8202
15, 15, 45, 15, 1, simple, 1565, 35, 9970039, 192568, 0.9675
15, 15, 45, 25, 1, simple, 1907, 37, 11906603, 193438, 0.989
15, 15, 45, 35, 1, simple, 2149, 34, 13661560, 197188, 0.9859
15, 15, 45, 45, 1, simple, 2436, 35, 15189833, 198870, 0.9895
15, 25, 5, 5, 1, simple, 413, 9, 2592271, 45166, 0.2454
15, 25, 5, 15, 1, simple, 1103, 14, 7005503, 67538, 0.3834
15, 25, 5, 25, 1, simple, 1322, 13, 7819775, 70602, 0.4312
15, 25, 5, 35, 1, simple, 1409, 14, 8529322, 73076, 0.4418
15, 25, 5, 45, 1, simple, 1532, 13, 9122098, 68952, 0.4482
15, 25, 15, 5, 1, simple, 493, 18, 3063025, 97482, 0.6955
15, 25, 15, 15, 1, simple, 1457, 22, 9522139, 118896, 0.8487
15, 25, 15, 25, 1, simple, 1731, 23, 11070460, 122746, 0.8765
15, 25, 15, 35, 1, simple, 1960, 22, 12364131, 125994, 0.8913
15, 25, 15, 45, 1, simple, 2263, 22, 13553732, 125568, 0.9003
15, 25, 25, 5, 1, simple, 469, 21, 2960848, 116236, 0.7837
15, 25, 25, 15, 1, simple, 1560, 31, 10534659, 161506, 0.9634
15, 25, 25, 25, 1, simple, 1924, 28, 12268939, 164992, 0.9704
15, 25, 25, 35, 1, simple, 2178, 29, 13748321, 167440, 0.9742
15, 25, 25, 45, 1, simple, 2377, 30, 14788200, 166306, 0.9756
15, 25, 35, 5, 1, simple, 491, 24, 3108952, 123510, 0.8021
15, 25, 35, 15, 1, simple, 1694, 35, 11059578, 188264, 0.9794
15, 25, 35, 25, 1, simple, 2012, 33, 12738592, 188396, 0.9833
15, 25, 35, 35, 1, simple, 2342, 33, 14484679, 191228, 0.9845
15, 25, 35, 45, 1, simple, 2575, 33, 15942306, 191870, 0.9749
15, 25, 45, 5, 1, simple, 512, 23, 3236052, 126052, 0.8173
15, 25, 45, 15, 1, simple, 1698, 36, 11094085, 205458, 0.9864
15, 25, 45, 25, 1, simple, 2072, 35, 13257441, 205378, 0.9784
15, 25, 45, 35, 1, simple, 2401, 36, 15074096, 207840, 0.9894
15, 25, 45, 45, 1, simple, 2659, 35, 16418171, 207130, 0.9895
15, 35, 5, 5, 1, simple, 426, 9, 2675461, 44936, 0.2483
15, 35, 5, 15, 1, simple, 1173, 14, 7441437, 74698, 0.3543
15, 35, 5, 25, 1, simple, 1346, 15, 8206390, 74712, 0.3952
15, 35, 5, 35, 1, simple, 1525, 14, 9135943, 78260, 0.454
15, 35, 5, 45, 1, simple, 1628, 14, 9784322, 78954, 0.4522
15, 35, 15, 5, 1, simple, 495, 19, 3084061, 99496, 0.6279
15, 35, 15, 15, 1, simple, 1529, 22, 10099694, 124660, 0.8462
15, 35, 15, 25, 1, simple, 1765, 24, 11476885, 129710, 0.8762
15, 35, 15, 35, 1, simple, 2039, 25, 12669171, 131908, 0.8928
15, 35, 15, 45, 1, simple, 2215, 23, 14024115, 132762, 0.9039
15, 35, 25, 5, 1, simple, 493, 21, 3144347, 116988, 0.8062
15, 35, 25, 15, 1, simple, 1686, 29, 11218884, 170224, 0.9623
15, 35, 25, 25, 1, simple, 1944, 29, 12675665, 169184, 0.9716
15, 35, 25, 35, 1, simple, 2231, 30, 14230296, 171250, 0.9742
15, 35, 25, 45, 1, simple, 2552, 32, 15637803, 175898, 0.9751
15, 35, 35, 5, 1, simple, 551, 27, 3188266, 124606, 0.7982
15, 35, 35, 15, 1, simple, 2049, 35, 11230157, 192574, 0.9793
15, 35, 35, 25, 1, simple, 2198, 42, 13368496, 196120, 0.984
15, 35, 35, 35, 1, simple, 2744, 39, 15036191, 197892, 0.9847
15, 35, 35, 45, 1, simple, 2938, 40, 16511242, 198616, 0.9848
15, 35, 45, 5, 1, simple, 567, 28, 3309363, 127026, 0.8083
15, 35, 45, 15, 1, simple, 1953, 39, 11780172, 212344, 0.9864
15, 35, 45, 25, 1, simple, 2392, 44, 13840123, 213886, 0.9889
15, 35, 45, 35, 1, simple, 2668, 38, 15454455, 210874, 0.9894
15, 35, 45, 45, 1, simple, 2713, 36, 16791751, 211380, 0.9796
15, 45, 5, 5, 1, simple, 428, 10, 2634591, 46968, 0.2462
15, 45, 5, 15, 1, simple, 1213, 15, 7601262, 76982, 0.3193
15, 45, 5, 25, 1, simple, 1417, 16, 8339256, 79488, 0.3981
15, 45, 5, 35, 1, simple, 1582, 15, 9342735, 82672, 0.4392
15, 45, 5, 45, 1, simple, 1636, 15, 9929690, 81972, 0.4735
15, 45, 15, 5, 1, simple, 522, 20, 3240144, 100870, 0.7216
15, 45, 15, 15, 1, simple, 1525, 23, 10201465, 127630, 0.8476
15, 45, 15, 25, 1, simple, 1773, 23, 11520813, 129720, 0.8795
15, 45, 15, 35, 1, simple, 2031, 24, 13117034, 136826, 0.895
15, 45, 15, 45, 1, simple, 2270, 25, 14205029, 137160, 0.9017
15, 45, 25, 5, 1, simple, 510, 23, 3191062, 116154, 0.7856
15, 45, 25, 15, 1, simple, 1769, 32, 11029369, 170656, 0.9632
15, 45, 25, 25, 1, simple, 1982, 30, 12690936, 174484, 0.9627
15, 45, 25, 35, 1, simple, 2259, 30, 14603762, 176322, 0.9738
15, 45, 25, 45, 1, simple, 2530, 30, 15973547, 177178, 0.9752
15, 45, 35, 5, 1, simple, 494, 22, 3159757, 123586, 0.8085
15, 45, 35, 15, 1, simple, 1748, 34, 11518326, 196560, 0.9801
15, 45, 35, 25, 1, simple, 2081, 36, 13586829, 197814, 0.9843
15, 45, 35, 35, 1, simple, 2421, 36, 15254211, 200570, 0.9845
15, 45, 35, 45, 1, simple, 2741, 36, 16858685, 199342, 0.9851
15, 45, 45, 5, 1, simple, 519, 26, 3147653, 128924, 0.8095
15, 45, 45, 15, 1, simple, 1811, 41, 11695521, 215798, 0.9871
15, 45, 45, 25, 1, simple, 2102, 37, 13754351, 215424, 0.9889
15, 45, 45, 35, 1, simple, 2397, 36, 15326073, 213210, 0.9892
15, 45, 45, 45, 1, simple, 2727, 37, 17255706, 215522, 0.9894
25, 5, 5, 5, 1, simple, 279, 7, 1624191, 34310, 0.1868
25, 5, 5, 15, 1, simple, 584, 9, 3395096, 42816, 0.1914
25, 5, 5, 25, 1, simple, 870, 9, 4951634, 44898, 0.3006
25, 5, 5, 35, 1, simple, 986, 9, 5544820, 48008, 0.2346
25, 5, 5, 45, 1, simple, 1103, 11, 6085397, 49306, 0.4037
25, 5, 15, 5, 1, simple, 361, 17, 2115942, 91000, 0.7169
25, 5, 15, 15, 1, simple, 994, 18, 6314745, 96266, 0.8052
25, 5, 15, 25, 1, simple, 1495, 19, 9468724, 96512, 0.8356
25, 5, 15, 35, 1, simple, 1691, 19, 10533585, 100486, 0.8417
25, 5, 15, 45, 1, simple, 1847, 21, 11302234, 119508, 0.3726
25, 5, 25, 5, 1, simple, 374, 20, 2250343, 107454, 0.7842
25, 5, 25, 15, 1, simple, 1161, 26, 7311192, 138942, 0.96
25, 5, 25, 25, 1, simple, 1987, 22, 13052094, 118284, 0.6593
25, 5, 25, 35, 1, simple, 2234, 25, 14479479, 132974, 0.8758
25, 5, 25, 45, 1, simple, 2465, 26, 15617260, 135320, 0.9432
25, 5, 35, 5, 1, simple, 380, 20, 2290356, 108148, 0.5629
25, 5, 35, 15, 1, simple, 1222, 30, 7676409, 158818, 0.8392
25, 5, 35, 25, 1, simple, 2184, 30, 14284368, 160184, 0.8787
25, 5, 35, 35, 1, simple, 2456, 29, 15615251, 156404, 0.7484
25, 5, 35, 45, 1, simple, 2694, 31, 17012523, 169150, 0.9887
25, 5, 45, 5, 1, simple, 388, 23, 2333881, 122376, 0.7891
25, 5, 45, 15, 1, simple, 1210, 33, 7727928, 178320, 0.9861
25, 5, 45, 25, 1, simple, 2247, 33, 14806126, 187982, 0.9348
25, 5, 45, 35, 1, simple, 2563, 36, 16511758, 194252, 0.9935
25, 5, 45, 45, 1, simple, 2782, 35, 17743878, 194214, 0.9825
25, 15, 5, 5, 1, simple, 417, 9, 2598399, 45364, 0.2632
25, 15, 5, 15, 1, simple, 950, 11, 6045754, 58684, 0.3679
25, 15, 5, 25, 1, simple, 1332, 11, 8378505, 60278, 0.3976
25, 15, 5, 35, 1, simple, 1474, 12, 9017966, 62890, 0.402
25, 15, 5, 45, 1, simple, 1612, 13, 9781811, 62744, 0.4378
25, 15, 15, 5, 1, simple, 481, 19, 2979945, 95566, 0.7319
25, 15, 15, 15, 1, simple, 1295, 22, 8535060, 108596, 0.8365
25, 15, 15, 25, 1, simple, 1925, 20, 12767716, 111752, 0.8543
25, 15, 15, 35, 1, simple, 2122, 21, 13794174, 114178, 0.8773
25, 15, 15, 45, 1, simple, 2311, 21, 14880674, 115086, 0.8928
25, 15, 25, 5, 1, simple, 463, 21, 2880717, 113944, 0.7626
25, 15, 25, 15, 1, simple, 1478, 27, 9657145, 152270, 0.9375
25, 15, 25, 25, 1, simple, 2450, 27, 16430340, 147926, 0.9486
25, 15, 25, 35, 1, simple, 2712, 28, 17788357, 149724, 0.9582
25, 15, 25, 45, 1, simple, 2929, 27, 19075700, 151012, 0.9633
25, 15, 35, 5, 1, simple, 477, 23, 2966871, 121790, 0.811
25, 15, 35, 15, 1, simple, 1550, 32, 10116905, 177432, 0.9803
25, 15, 35, 25, 1, simple, 2640, 36, 17406867, 180514, 0.9857
25, 15, 35, 35, 1, simple, 2964, 32, 18991382, 183310, 0.9879
25, 15, 35, 45, 1, simple, 3239, 34, 20560304, 184250, 0.9878
25, 15, 45, 5, 1, simple, 513, 26, 3055730, 126924, 0.8159
25, 15, 45, 15, 1, simple, 1563, 34, 10055969, 193160, 0.9867
25, 15, 45, 25, 1, simple, 2740, 38, 17941854, 205158, 0.993
25, 15, 45, 35, 1, simple, 3013, 36, 19553951, 205118, 0.9936
25, 15, 45, 45, 1, simple, 3266, 36, 21311200, 208050, 0.9938
25, 25, 5, 5, 1, simple, 436, 9, 2707375, 47450, 0.2576
25, 25, 5, 15, 1, simple, 1103, 13, 7008456, 69242, 0.3549
25, 25, 5, 25, 1, simple, 1689, 13, 10945351, 75318, 0.3923
25, 25, 5, 35, 1, simple, 1834, 14, 11643386, 77050, 0.4395
25, 25, 5, 45, 1, simple, 1994, 14, 12364637, 75540, 0.4475
25, 25, 15, 5, 1, simple, 480, 19, 2971387, 99676, 0.7464
25, 25, 15, 15, 1, simple, 1472, 22, 9778680, 121710, 0.8406
25, 25, 15, 25, 1, simple, 2246, 23, 15119078, 123620, 0.8588
25, 25, 15, 35, 1, simple, 2503, 22, 16369315, 126286, 0.8825
25, 25, 15, 45, 1, simple, 2844, 23, 17821173, 128850, 0.8956
25, 25, 25, 5, 1, simple, 492, 22, 3121887, 115956, 0.7889
25, 25, 25, 15, 1, simple, 1576, 30, 10589001, 162944, 0.9609
25, 25, 25, 25, 1, simple, 2874, 29, 19273842, 161046, 0.9482
25, 25, 25, 35, 1, simple, 3147, 30, 20625580, 162788, 0.957
25, 25, 25, 45, 1, simple, 3368, 29, 21642661, 164636, 0.9621
25, 25, 35, 5, 1, simple, 505, 24, 3102138, 123030, 0.8099
25, 25, 35, 15, 1, simple, 1734, 37, 11008142, 186388, 0.9805
25, 25, 35, 25, 1, simple, 3093, 37, 20106757, 193650, 0.9665
25, 25, 35, 35, 1, simple, 3259, 34, 21745218, 195592, 0.9878
25, 25, 35, 45, 1, simple, 3491, 35, 23120593, 195250, 0.9887
25, 25, 45, 5, 1, simple, 500, 24, 3069913, 125532, 0.8123
25, 25, 45, 15, 1, simple, 1713, 40, 11211925, 206126, 0.9878
25, 25, 45, 25, 1, simple, 3083, 38, 20848124, 220546, 0.9927
25, 25, 45, 35, 1, simple, 3356, 38, 22371226, 220822, 0.9937
25, 25, 45, 45, 1, simple, 3711, 43, 24294077, 221226, 0.9936
25, 35, 5, 5, 1, simple, 432, 9, 2567856, 45128, 0.2361
25, 35, 5, 15, 1, simple, 1182, 14, 7439721, 75532, 0.3591
25, 35, 5, 25, 1, simple, 1841, 15, 11843788, 83212, 0.3941
25, 35, 5, 35, 1, simple, 2074, 15, 12685556, 86384, 0.4423
25, 35, 5, 45, 1, simple, 2104, 15, 13264543, 84954, 0.4717
25, 35, 15, 5, 1, simple, 482, 19, 3018651, 98894, 0.7039
25, 35, 15, 15, 1, simple, 1550, 23, 10302367, 128786, 0.8433
25, 35, 15, 25, 1, simple, 2411, 24, 16303120, 135208, 0.8652
25, 35, 15, 35, 1, simple, 2664, 24, 17869354, 136908, 0.8841
25, 35, 15, 45, 1, simple, 2803, 24, 18472060, 138694, 0.8951
25, 35, 25, 5, 1, simple, 512, 23, 3189012, 116548, 0.765
25, 35, 25, 15, 1, simple, 1633, 30, 10853182, 167472, 0.9634
25, 35, 25, 25, 1, simple, 2924, 30, 20153097, 170308, 0.9513
25, 35, 25, 35, 1, simple, 3183, 30, 21692642, 176132, 0.9579
25, 35, 25, 45, 1, simple, 3429, 30, 23050459, 175374, 0.9629
25, 35, 35, 5, 1, simple, 503, 23, 3193424, 122646, 0.7997
25, 35, 35, 15, 1, simple, 1693, 33, 11249818, 190322, 0.9795
25, 35, 35, 25, 1, simple, 3092, 35, 21316828, 204644, 0.9858
25, 35, 35, 35, 1, simple, 3385, 36, 22808651, 206658, 0.9865
25, 35, 35, 45, 1, simple, 3646, 36, 24171152, 207064, 0.9891
25, 35, 45, 5, 1, simple, 512, 24, 3162079, 126342, 0.8149
25, 35, 45, 15, 1, simple, 1696, 35, 11346896, 206646, 0.9868
25, 35, 45, 25, 1, simple, 3176, 41, 21828100, 229242, 0.9927
25, 35, 45, 35, 1, simple, 3476, 39, 23499620, 230248, 0.9937
25, 35, 45, 45, 1, simple, 3763, 39, 25006110, 230084, 0.9939
25, 45, 5, 5, 1, simple, 477, 10, 2935324, 50464, 0.249
25, 45, 5, 15, 1, simple, 1181, 14, 7583911, 79294, 0.3972
25, 45, 5, 25, 1, simple, 1898, 17, 12453649, 92882, 0.4115
25, 45, 5, 35, 1, simple, 2094, 16, 13494861, 94550, 0.4618
25, 45, 5, 45, 1, simple, 2208, 17, 14063401, 94604, 0.4582
25, 45, 15, 5, 1, simple, 494, 19, 3074242, 102140, 0.7407
25, 45, 15, 15, 1, simple, 1538, 23, 10234451, 131020, 0.8462
25, 45, 15, 25, 1, simple, 2419, 25, 16229397, 139876, 0.8663
25, 45, 15, 35, 1, simple, 2762, 25, 17877013, 143184, 0.8877
25, 45, 15, 45, 1, simple, 2899, 25, 18827489, 144144, 0.8942
25, 45, 25, 5, 1, simple, 500, 21, 3134748, 115540, 0.798
25, 45, 25, 15, 1, simple, 1690, 33, 11143578, 171716, 0.9635
25, 45, 25, 25, 1, simple, 3101, 31, 20684783, 177752, 0.9525
25, 45, 25, 35, 1, simple, 3302, 31, 21888495, 181468, 0.9594
25, 45, 25, 45, 1, simple, 3550, 31, 23321957, 184194, 0.9627
25, 45, 35, 5, 1, simple, 512, 23, 3278709, 124926, 0.8086
25, 45, 35, 15, 1, simple, 1789, 35, 11537232, 195238, 0.9808
25, 45, 35, 25, 1, simple, 3154, 40, 21553824, 213588, 0.9864
25, 45, 35, 35, 1, simple, 3501, 37, 23500041, 216370, 0.9878
25, 45, 35, 45, 1, simple, 3807, 37, 24901643, 214828, 0.9888
25, 45, 45, 5, 1, simple, 509, 25, 3114434, 126906, 0.7975
25, 45, 45, 15, 1, simple, 1762, 37, 11564317, 211630, 0.9865
25, 45, 45, 25, 1, simple, 3186, 40, 21596019, 233912, 0.9926
25, 45, 45, 35, 1, simple, 3597, 40, 24096205, 237978, 0.9935
25, 45, 45, 45, 1, simple, 3838, 40, 25555253, 238220, 0.9938
35, 5, 5, 5, 1, simple, 304, 7, 1759716, 34178, 0.1875
35, 5, 5, 15, 1, simple, 594, 9, 3409257, 45168, 0.3236
35, 5, 5, 25, 1, simple, 910, 9, 5088094, 43518, 0.3085
35, 5, 5, 35, 1, simple, 1183, 10, 6582229, 45604, 0.3599
35, 5, 5, 45, 1, simple, 1294, 10, 7020173, 47104, 0.3831
35, 5, 15, 5, 1, simple, 360, 20, 2109409, 88148, 0.653
35, 5, 15, 15, 1, simple, 1015, 19, 6218363, 95458, 0.814
35, 5, 15, 25, 1, simple, 1489, 17, 9233372, 82362, 0.6299
35, 5, 15, 35, 1, simple, 2047, 19, 12474259, 100376, 0.8589
35, 5, 15, 45, 1, simple, 2167, 21, 13604162, 119362, 0.3048
35, 5, 25, 5, 1, simple, 377, 17, 2268529, 81032, 0.3494
35, 5, 25, 15, 1, simple, 1191, 27, 7273483, 136534, 0.7194
35, 5, 25, 25, 1, simple, 2079, 26, 13591887, 141522, 0.5493
35, 5, 25, 35, 1, simple, 2757, 25, 17576301, 128336, 0.3552
35, 5, 25, 45, 1, simple, 3057, 27, 19648681, 151482, 0.6382
35, 5, 35, 5, 1, simple, 389, 24, 2306566, 117568, 0.7605
35, 5, 35, 15, 1, simple, 1267, 31, 7705010, 163792, 0.9813
35, 5, 35, 25, 1, simple, 2315, 30, 14895698, 163580, 0.8983
35, 5, 35, 35, 1, simple, 3413, 31, 22213378, 162170, 0.9744
35, 5, 35, 45, 1, simple, 3641, 31, 23358179, 164136, 0.978
35, 5, 45, 5, 1, simple, 390, 17, 2259660, 84592, 0.3623
35, 5, 45, 15, 1, simple, 1273, 31, 7791723, 163190, 0.5683
35, 5, 45, 25, 1, simple, 2316, 34, 14862891, 191718, 0.9783
35, 5, 45, 35, 1, simple, 3330, 32, 22700399, 174338, 0.8119
35, 5, 45, 45, 1, simple, 3763, 35, 24719830, 186336, 0.9291
35, 15, 5, 5, 1, simple, 416, 9, 2555205, 46260, 0.237
35, 15, 5, 15, 1, simple, 935, 12, 5934831, 57818, 0.3183
35, 15, 5, 25, 1, simple, 1311, 12, 8208493, 59244, 0.3931
35, 15, 5, 35, 1, simple, 1712, 13, 10728828, 64070, 0.4199
35, 15, 5, 45, 1, simple, 1816, 12, 11138511, 63316, 0.4533
35, 15, 15, 5, 1, simple, 462, 19, 2850583, 98178, 0.7286
35, 15, 15, 15, 1, simple, 1300, 20, 8640479, 109238, 0.8407
35, 15, 15, 25, 1, simple, 1972, 21, 12882345, 113150, 0.7913
35, 15, 15, 35, 1, simple, 2492, 21, 16466317, 112634, 0.869
35, 15, 15, 45, 1, simple, 2655, 21, 17419970, 114340, 0.8716
35, 15, 25, 5, 1, simple, 487, 22, 2984650, 114462, 0.7915
35, 15, 25, 15, 1, simple, 1496, 28, 9862163, 155008, 0.9607
35, 15, 25, 25, 1, simple, 2448, 28, 16490824, 149270, 0.9475
35, 15, 25, 35, 1, simple, 3087, 26, 20991652, 142358, 0.8725
35, 15, 25, 45, 1, simple, 3420, 27, 22560600, 148984, 0.9587
35, 15, 35, 5, 1, simple, 472, 22, 2929491, 118474, 0.7656
35, 15, 35, 15, 1, simple, 1511, 33, 9950298, 176912, 0.9795
35, 15, 35, 25, 1, simple, 2573, 32, 17481693, 180224, 0.9753
35, 15, 35, 35, 1, simple, 3802, 33, 26062280, 175588, 0.978
35, 15, 35, 45, 1, simple, 4144, 32, 27587239, 178798, 0.9798
35, 15, 45, 5, 1, simple, 478, 24, 2965712, 127784, 0.8259
35, 15, 45, 15, 1, simple, 1517, 33, 9897130, 192856, 0.9868
35, 15, 45, 25, 1, simple, 2660, 37, 17897389, 206144, 0.9924
35, 15, 45, 35, 1, simple, 3945, 37, 27345014, 203964, 0.9926
35, 15, 45, 45, 1, simple, 4259, 37, 29017013, 206906, 0.9929
35, 25, 5, 5, 1, simple, 441, 9, 2685777, 46234, 0.2411
35, 25, 5, 15, 1, simple, 1073, 13, 6786349, 68496, 0.3527
35, 25, 5, 25, 1, simple, 1634, 13, 10661511, 72950, 0.3885
35, 25, 5, 35, 1, simple, 2166, 14, 14129655, 77388, 0.4472
35, 25, 5, 45, 1, simple, 2286, 14, 14743717, 76856, 0.4544
35, 25, 15, 5, 1, simple, 491, 18, 3084656, 97706, 0.7309
35, 25, 15, 15, 1, simple, 1449, 21, 9692591, 118586, 0.8456
35, 25, 15, 25, 1, simple, 2268, 22, 15376798, 126726, 0.8531
35, 25, 15, 35, 1, simple, 2934, 23, 19924239, 127834, 0.8742
35, 25, 15, 45, 1, simple, 3139, 23, 21009571, 132502, 0.8889
35, 25, 25, 5, 1, simple, 507, 22, 3256493, 118158, 0.7968
35, 25, 25, 15, 1, simple, 1580, 29, 10518548, 161342, 0.9618
35, 25, 25, 25, 1, simple, 2747, 28, 18966745, 158854, 0.9504
35, 25, 25, 35, 1, simple, 3584, 29, 24600628, 160462, 0.9539
35, 25, 25, 45, 1, simple, 3825, 30, 25838018, 160962, 0.9606
35, 25, 35, 5, 1, simple, 500, 23, 3123863, 121942, 0.7892
35, 25, 35, 15, 1, simple, 1619, 32, 10720850, 185100, 0.9804
35, 25, 35, 25, 1, simple, 2938, 34, 20078594, 194166, 0.9756
35, 25, 35, 35, 1, simple, 4240, 33, 29582880, 190496, 0.9795
35, 25, 35, 45, 1, simple, 4545, 34, 30975098, 192308, 0.981
35, 25, 45, 5, 1, simple, 496, 24, 3090024, 125928, 0.823
35, 25, 45, 15, 1, simple, 1657, 35, 10985738, 203950, 0.9866
35, 25, 45, 25, 1, simple, 3073, 37, 20812435, 218406, 0.9926
35, 25, 45, 35, 1, simple, 4433, 38, 30875300, 218614, 0.9925
35, 25, 45, 45, 1, simple, 4674, 38, 32066632, 218736, 0.9932
35, 35, 5, 5, 1, simple, 423, 9, 2591322, 46402, 0.2395
35, 35, 5, 15, 1, simple, 1169, 14, 7483145, 75184, 0.3531
35, 35, 5, 25, 1, simple, 1832, 15, 11898061, 82650, 0.4304
35, 35, 5, 35, 1, simple, 2510, 15, 16503782, 85084, 0.403
35, 35, 5, 45, 1, simple, 2732, 16, 17489552, 86540, 0.4554
35, 35, 15, 5, 1, simple, 539, 22, 3321288, 101700, 0.7235
35, 35, 15, 15, 1, simple, 1592, 27, 10190619, 126108, 0.847
35, 35, 15, 25, 1, simple, 2498, 25, 16437316, 134936, 0.8668
35, 35, 15, 35, 1, simple, 3458, 24, 22682258, 136688, 0.8646
35, 35, 15, 45, 1, simple, 3497, 24, 23627848, 137592, 0.8864
35, 35, 25, 5, 1, simple, 495, 22, 3100833, 118684, 0.7954
35, 35, 25, 15, 1, simple, 1736, 32, 11154932, 167816, 0.9626
35, 35, 25, 25, 1, simple, 2979, 30, 20172070, 169052, 0.9488
35, 35, 25, 35, 1, simple, 42567, 35, 27895532, 176168, 0.9539
35, 35, 25, 45, 1, simple, 4582, 31, 28982748, 173368, 0.9591
35, 35, 35, 5, 1, simple, 496, 23, 3075181, 120556, 0.7791
35, 35, 35, 15, 1, simple, 1768, 34, 11310611, 191252, 0.9796
35, 35, 35, 25, 1, simple, 3198, 44, 21268303, 204942, 0.9864
35, 35, 35, 35, 1, simple, 4888, 37, 32935437, 202416, 0.9776
35, 35, 35, 45, 1, simple, 5263, 36, 34071467, 204184, 0.9818
35, 35, 45, 5, 1, simple, 540, 24, 3311832, 129788, 0.7846
35, 35, 45, 15, 1, simple, 1770, 36, 11562082, 208296, 0.9863
35, 35, 45, 25, 1, simple, 3154, 39, 21465174, 227514, 0.9929
35, 35, 45, 35, 1, simple, 4879, 41, 33719751, 228552, 0.993
35, 35, 45, 45, 1, simple, 5233, 42, 35191914, 230696, 0.993
35, 45, 5, 5, 1, simple, 432, 9, 2599187, 46622, 0.2485
35, 45, 5, 15, 1, simple, 1181, 16, 7497149, 77774, 0.3458
35, 45, 5, 25, 1, simple, 1903, 16, 12371257, 94040, 0.4054
35, 45, 5, 35, 1, simple, 2689, 17, 18100771, 99612, 0.4577
35, 45, 5, 45, 1, simple, 2848, 18, 18559022, 101714, 0.4746
35, 45, 15, 5, 1, simple, 508, 19, 3104137, 99692, 0.6864
35, 45, 15, 15, 1, simple, 1528, 22, 10099297, 126768, 0.8471
35, 45, 15, 25, 1, simple, 2508, 26, 17121898, 147258, 0.8745
35, 45, 15, 35, 1, simple, 3502, 26, 24093460, 151716, 0.8818
35, 45, 15, 45, 1, simple, 3701, 27, 24968139, 152670, 0.8879
35, 45, 25, 5, 1, simple, 507, 23, 3112662, 116652, 0.7717
35, 45, 25, 15, 1, simple, 1705, 33, 11034413, 168866, 0.962
35, 45, 25, 25, 1, simple, 3025, 31, 20485548, 177440, 0.9422
35, 45, 25, 35, 1, simple, 4149, 32, 28572593, 183810, 0.9557
35, 45, 25, 45, 1, simple, 4381, 32, 29400701, 184646, 0.9606
35, 45, 35, 5, 1, simple, 528, 25, 3178847, 124134, 0.8056
35, 45, 35, 15, 1, simple, 1771, 35, 11560262, 192792, 0.98
35, 45, 35, 25, 1, simple, 3293, 37, 21958114, 212376, 0.9859
35, 45, 35, 35, 1, simple, 4814, 41, 33001940, 209908, 0.9784
35, 45, 35, 45, 1, simple, 5250, 42, 35106401, 215350, 0.9821
35, 45, 45, 5, 1, simple, 532, 24, 3215878, 126394, 0.8024
35, 45, 45, 15, 1, simple, 1804, 40, 11633521, 211120, 0.9877
35, 45, 45, 25, 1, simple, 3383, 45, 21892660, 235378, 0.9921
35, 45, 45, 35, 1, simple, 5150, 47, 34817319, 240966, 0.9833
35, 45, 45, 45, 1, simple, 5377, 43, 35797308, 239580, 0.9931
45, 5, 5, 5, 1, simple, 312, 7, 1749753, 32512, 0.2079
45, 5, 5, 15, 1, simple, 615, 9, 3453872, 41212, 0.2474
45, 5, 5, 25, 1, simple, 950, 10, 5084834, 45288, 0.3275
45, 5, 5, 35, 1, simple, 1201, 10, 6642578, 50820, 0.2285
45, 5, 5, 45, 1, simple, 1360, 9, 7736484, 44424, 0.2912
45, 5, 15, 5, 1, simple, 367, 17, 2165864, 91136, 0.6377
45, 5, 15, 15, 1, simple, 1048, 15, 6671784, 75842, 0.3585
45, 5, 15, 25, 1, simple, 1486, 20, 9429779, 97360, 0.8452
45, 5, 15, 35, 1, simple, 2017, 22, 12797071, 124798, 0.3047
45, 5, 15, 45, 1, simple, 2456, 19, 15485784, 100630, 0.8391
45, 5, 25, 5, 1, simple, 389, 20, 2265185, 106208, 0.7696
45, 5, 25, 15, 1, simple, 1160, 30, 7301071, 138390, 0.9589
45, 5, 25, 25, 1, simple, 2000, 23, 13295757, 126194, 0.737
45, 5, 25, 35, 1, simple, 2676, 22, 17643810, 117136, 0.6257
45, 5, 25, 45, 1, simple, 3290, 26, 21679601, 136668, 0.9528
45, 5, 35, 5, 1, simple, 343, 17, 2074776, 92400, 0.4404
45, 5, 35, 15, 1, simple, 1197, 29, 7526888, 160470, 0.9226
45, 5, 35, 25, 1, simple, 2218, 31, 14368630, 168904, 0.9857
45, 5, 35, 35, 1, simple, 3240, 29, 21853364, 159144, 0.9183
45, 5, 35, 45, 1, simple, 3955, 28, 27130449, 151900, 0.8181
45, 5, 45, 5, 1, simple, 392, 22, 2310719, 119430, 0.7314
45, 5, 45, 15, 1, simple, 1195, 27, 7597629, 137270, 0.484
45, 5, 45, 25, 1, simple, 2270, 35, 14991764, 193898, 0.9914
45, 5, 45, 35, 1, simple, 3446, 36, 23466785, 191860, 0.9927
45, 5, 45, 45, 1, simple, 4647, 30, 32617477, 165140, 0.764
45, 15, 5, 5, 1, simple, 406, 9, 2522471, 47082, 0.2865
45, 15, 5, 15, 1, simple, 939, 11, 5963530, 59718, 0.384
45, 15, 5, 25, 1, simple, 1325, 11, 8303345, 59306, 0.4096
45, 15, 5, 35, 1, simple, 1698, 11, 10523598, 61216, 0.4072
45, 15, 5, 45, 1, simple, 2020, 12, 12614571, 62690, 0.4281
45, 15, 15, 5, 1, simple, 454, 19, 2880428, 94728, 0.7031
45, 15, 15, 15, 1, simple, 1321, 21, 8750211, 109226, 0.8372
45, 15, 15, 25, 1, simple, 1856, 20, 12426242, 109248, 0.8596
45, 15, 15, 35, 1, simple, 2454, 21, 16393799, 113580, 0.8707
45, 15, 15, 45, 1, simple, 3024, 21, 20184221, 115526, 0.8774
45, 15, 25, 5, 1, simple, 498, 22, 3091404, 115048, 0.7991
45, 15, 25, 15, 1, simple, 1445, 27, 9588625, 150684, 0.9626
45, 15, 25, 25, 1, simple, 2446, 27, 16648489, 148822, 0.9496
45, 15, 25, 35, 1, simple, 3194, 27, 21741769, 150138, 0.9528
45, 15, 25, 45, 1, simple, 3885, 27, 26424324, 150456, 0.9546
45, 15, 35, 5, 1, simple, 471, 23, 2963896, 121732, 0.8224
45, 15, 35, 15, 1, simple, 1478, 31, 9787065, 174924, 0.9803
45, 15, 35, 25, 1, simple, 2587, 35, 17469799, 181122, 0.9855
45, 15, 35, 35, 1, simple, 3765, 32, 25991588, 176174, 0.9778
45, 15, 35, 45, 1, simple, 4638, 34, 32142928, 177598, 0.9611
45, 15, 45, 5, 1, simple, 487, 23, 2998952, 124436, 0.7995
45, 15, 45, 15, 1, simple, 1500, 33, 9880792, 191246, 0.9865
45, 15, 45, 25, 1, simple, 2645, 37, 17984847, 207674, 0.9728
45, 15, 45, 35, 1, simple, 3951, 37, 27194000, 205500, 0.9899
45, 15, 45, 45, 1, simple, 5376, 38, 37631731, 200926, 0.9781
45, 25, 5, 5, 1, simple, 442, 10, 2703781, 49448, 0.2725
45, 25, 5, 15, 1, simple, 1118, 13, 7078846, 67436, 0.3675
45, 25, 5, 25, 1, simple, 1711, 13, 11040908, 73082, 0.392
45, 25, 5, 35, 1, simple, 2138, 13, 13908003, 75926, 0.4296
45, 25, 5, 45, 1, simple, 2622, 16, 16739189, 78348, 0.4419
45, 25, 15, 5, 1, simple, 502, 19, 3026694, 98924, 0.7251
45, 25, 15, 15, 1, simple, 1467, 22, 9649123, 120440, 0.8478
45, 25, 15, 25, 1, simple, 2235, 23, 15105059, 122636, 0.8639
45, 25, 15, 35, 1, simple, 2948, 23, 19950079, 129518, 0.8732
45, 25, 15, 45, 1, simple, 3670, 23, 24101071, 128946, 0.882
45, 25, 25, 5, 1, simple, 514, 23, 3159188, 117024, 0.7974
45, 25, 25, 15, 1, simple, 1642, 31, 10566565, 162986, 0.9631
45, 25, 25, 25, 1, simple, 2775, 28, 19096446, 161626, 0.9501
45, 25, 25, 35, 1, simple, 3613, 29, 24724912, 162076, 0.9555
45, 25, 25, 45, 1, simple, 4897, 39, 30224414, 162624, 0.9568
45, 25, 35, 5, 1, simple, 558, 29, 3210548, 122690, 0.7883
45, 25, 35, 15, 1, simple, 1767, 39, 10894948, 186966, 0.9803
45, 25, 35, 25, 1, simple, 3088, 36, 19946659, 193154, 0.9851
45, 25, 35, 35, 1, simple, 4393, 40, 29808971, 193142, 0.9784
45, 25, 35, 45, 1, simple, 5693, 37, 36056746, 192194, 0.9799
45, 25, 45, 5, 1, simple, 517, 24, 3112825, 123060, 0.7651
45, 25, 45, 15, 1, simple, 1743, 40, 10887192, 201042, 0.9853
45, 25, 45, 25, 1, simple, 3173, 38, 20644526, 219298, 0.9927
45, 25, 45, 35, 1, simple, 4396, 38, 30531806, 215924, 0.9928
45, 25, 45, 45, 1, simple, 6012, 40, 41597333, 209600, 0.9882
45, 35, 5, 5, 1, simple, 435, 9, 2609461, 44124, 0.2306
45, 35, 5, 15, 1, simple, 1173, 14, 7430092, 74360, 0.3436
45, 35, 5, 25, 1, simple, 1854, 15, 11856733, 84004, 0.4288
45, 35, 5, 35, 1, simple, 2618, 16, 17207732, 86294, 0.4361
45, 35, 5, 45, 1, simple, 3151, 16, 20197982, 86298, 0.447
45, 35, 15, 5, 1, simple, 510, 21, 3096121, 98676, 0.7218
45, 35, 15, 15, 1, simple, 1552, 22, 10003199, 125340, 0.8475
45, 35, 15, 25, 1, simple, 2543, 26, 16169366, 133656, 0.8653
45, 35, 15, 35, 1, simple, 3479, 26, 22915819, 139238, 0.8762
45, 35, 15, 45, 1, simple, 4132, 24, 27639115, 138118, 0.8831
45, 35, 25, 5, 1, simple, 525, 23, 3167681, 117210, 0.6774
45, 35, 25, 15, 1, simple, 1676, 30, 11133909, 171440, 0.9631
45, 35, 25, 25, 1, simple, 2981, 29, 20446138, 171272, 0.9516
45, 35, 25, 35, 1, simple, 4097, 31, 28082828, 175620, 0.9545
45, 35, 25, 45, 1, simple, 5120, 34, 33644097, 174400, 0.9565
45, 35, 35, 5, 1, simple, 546, 25, 3206696, 124112, 0.8132
45, 35, 35, 15, 1, simple, 1750, 33, 11181828, 192360, 0.9799
45, 35, 35, 25, 1, simple, 3330, 38, 21132206, 204978, 0.9864
45, 35, 35, 35, 1, simple, 4732, 35, 32897054, 202500, 0.9785
45, 35, 35, 45, 1, simple, 5698, 35, 39242978, 202032, 0.9808
45, 35, 45, 5, 1, simple, 508, 24, 3186178, 127636, 0.8129
45, 35, 45, 15, 1, simple, 1719, 36, 11305808, 208904, 0.9864
45, 35, 45, 25, 1, simple, 3266, 46, 21749881, 229496, 0.9925
45, 35, 45, 35, 1, simple, 4929, 41, 33569846, 230304, 0.993
45, 35, 45, 45, 1, simple, 6321, 39, 44993179, 226418, 0.9891
45, 45, 5, 5, 1, simple, 435, 9, 2727511, 44856, 0.2266
45, 45, 5, 15, 1, simple, 1200, 13, 7700609, 76352, 0.355
45, 45, 5, 25, 1, simple, 1966, 16, 12831670, 92572, 0.4108
45, 45, 5, 35, 1, simple, 2619, 16, 17640598, 96016, 0.4469
45, 45, 5, 45, 1, simple, 3516, 17, 24143829, 99950, 0.4696
45, 45, 15, 5, 1, simple, 505, 19, 3114881, 100078, 0.74
45, 45, 15, 15, 1, simple, 1561, 23, 10360646, 131570, 0.8414
45, 45, 15, 25, 1, simple, 2505, 25, 17019339, 143930, 0.8642
45, 45, 15, 35, 1, simple, 3501, 26, 23980061, 150194, 0.8742
45, 45, 15, 45, 1, simple, 4454, 26, 31130020, 152784, 0.8826
45, 45, 25, 5, 1, simple, 497, 22, 3143879, 116108, 0.7847
45, 45, 25, 15, 1, simple, 1666, 30, 11163732, 171490, 0.9637
45, 45, 25, 25, 1, simple, 2969, 31, 20561278, 180532, 0.9527
45, 45, 25, 35, 1, simple, 4101, 32, 28678248, 184528, 0.9572
45, 45, 25, 45, 1, simple, 5207, 31, 36873338, 184100, 0.9568
45, 45, 35, 5, 1, simple, 522, 23, 3237940, 124534, 0.8034
45, 45, 35, 15, 1, simple, 1737, 34, 11560584, 202372, 0.9711
45, 45, 35, 25, 1, simple, 3202, 37, 21736074, 211750, 0.9852
45, 45, 35, 35, 1, simple, 4720, 37, 33128355, 211644, 0.979
45, 45, 35, 45, 1, simple, 6039, 37, 42616912, 212194, 0.9812
45, 45, 45, 5, 1, simple, 503, 24, 3104163, 128066, 0.7998
45, 45, 45, 15, 1, simple, 1740, 36, 11611647, 214196, 0.9867
45, 45, 45, 25, 1, simple, 3210, 40, 22210695, 236780, 0.9926
45, 45, 45, 35, 1, simple, 4878, 42, 34575995, 241254, 0.9928
45, 45, 45, 45, 1, simple, 6795, 40, 48958797, 237474, 0.9889
